season,month,park,x_cm,z_cm,x_se,z_se,min_raw_cov_eigenvalue,games,pitchers,rows,pitches
2020,5,고척,9.96338183895163,10.44910286495395,0.7713739357818546,0.376293830802812,-8.607349839492335e-18,12,53,186,3092
2020,5,광주,6.160023781129343,1.7525430196325944,0.9568502794107194,0.4300843111387644,-8.607349839492335e-18,12,56,190,3154
2020,5,대구,4.0348784276850385,4.385367120892429,0.8955952548818976,0.4604241784510816,-8.607349839492335e-18,15,51,215,3617
2020,5,대전구,25.855094122167138,2.582302230932853,2.823897139753706,0.46957144926610467,-8.607349839492335e-18,9,45,148,2249
2020,5,문학,-0.8526299999872471,5.091592949949009,0.8483150289714341,0.38699790591855143,-8.607349839492335e-18,12,46,182,3020
2020,5,사직,0.04315143623401241,-0.9274650062914986,0.7533568549223065,0.363648117142931,-8.607349839492335e-18,11,47,177,2703
2020,5,수원,15.537720871766052,6.474379945590875,0.9154073664544639,0.5258376189184478,-8.607349839492335e-18,12,54,173,2983
2020,5,잠실,0.0,0.0,0.19999999999999996,0.2,-8.607349839492335e-18,23,80,361,5842
2020,5,창원,-2.6135999207955294,2.4843342796705867,0.7315370349512136,0.4594628770710239,-8.607349839492335e-18,11,50,166,2734
2020,6,고척,9.49329237988405,11.870062251720368,0.5316060193386419,0.4770538001454241,1.3535382993269393e-19,13,57,190,3233
2020,6,광주,6.687602814683714,2.6185630688099524,0.5208575004727237,0.39349667795667964,1.3535382993269393e-19,8,40,132,2157
2020,6,대구,5.141879752785751,5.192280918396309,0.6905736147867882,0.3819918029393257,1.3535382993269393e-19,10,52,164,2609
2020,6,대전구,17.424239021330735,4.122375317168213,0.6154641271622974,0.34575245660765214,1.3535382993269393e-19,15,62,244,3748
2020,6,문학,-0.10330005653988295,5.725021065123541,0.4977521666049582,0.3164022593944874,1.3535382993269393e-19,15,55,229,3831
2020,6,사직,2.235711552448006,-0.01697909075916293,0.5118763468036202,0.4013169684214837,1.3535382993269393e-19,10,50,163,2458
2020,6,수원,17.96535853553904,7.397158311861791,0.7364314972740915,0.5657070122000085,1.3535382993269393e-19,12,54,180,2751
2020,6,잠실,0.0,0.0,0.19999999999999998,0.19999999999999998,1.3535382993269393e-19,25,91,344,5717
2020,6,창원,-1.6336782680850348,2.7921696845356205,0.6304848992779031,0.44815685163129343,1.3535382993269393e-19,13,60,199,3170
2020,7,고척,10.652875344144961,11.67508837110225,0.5506372157632418,0.510231383166197,-0.0024580029543715995,11,52,170,2797
2020,7,광주,8.151501569082676,1.8670710225400824,0.4056170059467742,0.41013861550262526,-0.0024580029543715995,14,56,199,3379
2020,7,대구,6.301330741654295,5.591486702429689,0.575509892178868,0.47943447870021705,-0.0024580029543715995,14,68,236,3874
2020,7,대전구,17.79405730583194,4.119992406160565,0.5780779621245314,0.4690951776045128,-0.0024580029543715995,11,44,187,3030
2020,7,문학,0.4636932805792249,5.04813584318332,0.45397441670535793,0.3452995214101643,-0.0024580029543715995,10,56,168,2686
2020,7,사직,3.136037226571453,-0.22747514114512768,0.4016186423292248,0.40646589620812296,-0.0024580029543715995,9,46,146,2374
2020,7,수원,17.29811687124819,7.244599637414768,0.6547518500399244,0.5586088445001892,-0.0024580029543715995,13,58,181,2743
2020,7,잠실,0.0,0.0,0.2000000000000001,0.2,-0.0024580029543715995,23,80,296,4710
2020,7,창원,-0.03076891213407862,2.6703125631707003,0.5264913860989037,0.5184987079044755,-0.0024580029543715995,10,50,152,2653
2020,8,고척,9.987276689639806,12.85363001196886,0.5018534592536592,0.45223084765253924,-1.9857187061749906e-18,15,60,250,3968
2020,8,광주,13.683105538265394,2.0001840795801886,0.4732556653913985,0.46198211691907276,-1.9857187061749906e-18,12,48,175,3209
2020,8,대구,5.618569533911231,5.382681680270489,0.47906509855539053,0.39714816329576835,-1.9857187061749906e-18,11,54,191,2878
2020,8,대전구,16.9074904915729,4.152620992277955,0.675336779093804,0.44222895184927685,-1.9857187061749906e-18,9,44,132,2019
2020,8,문학,-0.014564301317459893,6.02968901583359,0.6379953294637444,0.3607215129749611,-1.9857187061749906e-18,12,51,182,2930
2020,8,사직,1.8593426989208552,-0.9687508725262024,0.5435726097692387,0.37587207327961125,-1.9857187061749906e-18,15,64,219,3216
2020,8,수원,17.292872479314973,7.191993751101375,0.8364280392943912,0.5160307522525887,-1.9857187061749906e-18,8,47,145,2157
2020,8,잠실,0.0,0.0,0.19999999999999996,0.2,-1.9857187061749906e-18,24,87,402,6147
2020,8,창원,1.2721562805419246,2.8768499937847842,0.5722009215356795,0.43605628187048695,-1.9857187061749906e-18,13,69,204,3346
2020,9,고척,9.389589660124216,10.431628596268652,0.6746317663118198,0.4484649503988979,-1.0946627332959071e-17,14,80,244,3369
2020,9,광주,12.798181901735507,1.3365440845859373,0.5216183471264091,0.3812476798396289,-1.0946627332959071e-17,11,61,179,2981
2020,9,대구,5.546462269952883,4.7799569202884555,0.666859049163997,0.6204473136537619,-1.0946627332959071e-17,14,77,232,3670
2020,9,대전구,17.02508890385964,3.961200164132917,0.6176030452796608,0.46971798105575197,-1.0946627332959071e-17,16,73,247,3734
2020,9,문학,-1.2516326359575771,4.174646730030911,0.571546277775899,0.4030842739356704,-1.0946627332959071e-17,9,51,150,2341
2020,9,사직,1.6479226519178098,-1.1219787060953301,0.48580339718400267,0.459866096872306,-1.0946627332959071e-17,12,67,210,3222
2020,9,수원,15.25230003834855,6.083523718285408,0.7051057116548645,0.645017184339201,-1.0946627332959071e-17,14,74,225,3409
2020,9,잠실,0.0,0.0,0.19999999999999996,0.2,-1.0946627332959071e-17,26,99,365,5714
2020,9,창원,0.6548638827711386,2.0581438186268493,0.6887586134259678,0.5012032729361329,-1.0946627332959071e-17,12,70,213,3068
2020,10,고척,8.509406687699212,10.605375272878783,0.672079375128488,0.5131168184392797,-1.2710726453433573e-18,7,39,118,1690
2020,10,광주,9.813265243427614,2.27970483689166,0.3837068528633593,0.3962434236246893,-1.2710726453433573e-18,15,70,260,4119
2020,10,대구,2.86407952358166,4.957630560102222,0.5720403334097228,0.6472257318638583,-1.2710726453433573e-18,8,47,143,2162
2020,10,대전구,14.501794130490797,4.697307042822842,0.5095695681606157,0.47264355216628484,-1.2710726453433573e-18,12,60,206,2956
2020,10,문학,-2.7689067469339044,4.884942524821543,0.44644667320482506,0.3631173147722122,-1.2710726453433573e-18,14,61,228,3447
2020,10,사직,1.1511167722114202,-0.05721919137532572,0.47151006834571346,0.375854476705016,-1.2710726453433573e-18,14,63,209,3476
2020,10,수원,13.844458905737064,7.537864285773378,0.6466148515584024,0.48091512353858995,-1.2710726453433573e-18,13,54,212,3433
2020,10,잠실,0.0,0.0,0.19999999999999998,0.19999999999999996,-1.2710726453433573e-18,23,101,380,5919
2020,10,창원,-2.0543059088502,2.979081725529497,0.5066645011307094,0.557380059722971,-1.2710726453433573e-18,13,70,235,3560
2021,4,고척,9.855587857048246,9.232266978016037,0.5014649908687525,0.447496211260974,-9.538930771537632e-18,14,63,234,3619
2021,4,광주,12.316922217873724,1.0025430360695085,0.43776746904984853,0.5126276819903374,-9.538930771537632e-18,12,58,210,3472
2021,4,대구,7.138162184599594,3.9361854312785374,0.5998411293437947,0.5057001339760845,-9.538930771537632e-18,13,58,210,3435
2021,4,대전구,15.771703247826647,1.9692838216403175,0.8657965484624254,0.41892600400650787,-9.538930771537632e-18,9,45,146,2503
2021,4,문학,-1.435738242567414,3.01094079217866,0.5075041287036947,0.39718065912977235,-9.538930771537632e-18,13,64,219,3485
2021,4,사직,0.48764230952245313,-2.5983332449786847,0.41545639455276545,0.5035497327984437,-9.538930771537632e-18,10,50,173,2793
2021,4,수원,15.168587770127592,4.648542455132131,0.6451631108968057,0.5671527251947366,-9.538930771537632e-18,11,48,178,2871
2021,4,잠실,0.0,0.0,0.19999999999999998,0.2,-9.538930771537632e-18,23,90,352,5575
2021,4,창원,-0.0023173923070558544,0.7068673253549012,0.550379576568177,0.48827150862117624,-9.538930771537632e-18,11,53,209,2906
2021,5,고척,9.425356355034953,9.768033559320296,0.5420158624372134,0.4208359036897854,-2.466318252051407e-18,8,43,123,2119
2021,5,광주,11.623715038599162,1.4337897828935606,0.5743098262013463,0.3827138288567488,-2.466318252051407e-18,13,54,221,3595
2021,5,대구,4.081245680125448,3.357748574394938,0.480333229709498,0.5824773307522132,-2.466318252051407e-18,13,61,230,3618
2021,5,대전구,16.94428104595617,2.9533160932419342,0.47043377653868346,0.45804062276325275,-2.466318252051407e-18,13,62,203,3118
2021,5,문학,-1.6224401455857524,3.4063543841396573,0.68009447694109,0.40805256170931437,-2.466318252051407e-18,8,41,139,2245
2021,5,사직,0.4827316692705743,-1.994703035796535,0.5074121816023696,0.4185973604816319,-2.466318252051407e-18,14,66,222,3544
2021,5,수원,15.643844050873117,5.371445707765897,0.5999014934855589,0.48196633998047955,-2.466318252051407e-18,12,59,212,3397
2021,5,잠실,0.0,0.0,0.20000000000000004,0.2,-2.466318252051407e-18,24,92,370,6194
2021,5,창원,-0.5011620715583085,2.3223335076605203,0.8155633014555507,0.46661172375791043,-2.466318252051407e-18,8,45,134,2189
2021,6,고척,9.961643200348359,10.42241836849695,0.5349174376146877,0.3350811755337455,-1.3447611909271501e-17,14,58,235,3744
2021,6,광주,12.998294503134066,1.436590591282397,0.4467863551282547,0.3386803589032808,-1.3447611909271501e-17,7,41,116,1786
2021,6,대구,6.178452899874561,4.045365681058474,0.375040101884731,0.38232350363374024,-1.3447611909271501e-17,12,55,220,3339
2021,6,대전구,17.28508461248789,2.8297836335019415,0.4845580316437928,0.3679406019603062,-1.3447611909271501e-17,16,70,263,4301
2021,6,문학,-1.1346727730752377,2.512917268817424,0.44514211480841537,0.33570652377430776,-1.3447611909271501e-17,13,51,203,3238
2021,6,사직,1.7892476584424344,-2.19020711901503,0.4599942172819362,0.38207137900463684,-1.3447611909271501e-17,11,53,182,2940
2021,6,수원,15.828472047423338,5.9180194312805625,0.4867321181895222,0.4110195241456025,-1.3447611909271501e-17,13,58,214,3376
2021,6,잠실,0.0,0.0,0.19999999999999996,0.2,-1.3447611909271501e-17,24,98,367,5884
2021,6,창원,1.0914419594993312,1.44251562367611,0.5831966518429939,0.31892859903671594,-1.3447611909271501e-17,13,64,223,3465
2021,8,고척,10.743586767323734,9.665476723297626,0.5121788808976732,0.45270415382729584,-1.51169502009267e-17,9,38,127,2203
2021,8,광주,13.306310054826572,1.3875974295699436,0.5676327605673489,0.38464097312627404,-1.51169502009267e-17,7,40,128,1897
2021,8,대구,6.968688465114344,4.50163229522261,0.5887070172618368,0.3759314854136157,-1.51169502009267e-17,6,31,95,1479
2021,8,대전구,17.565648552884777,2.3150354711166683,0.47502526379959514,0.43688865616469647,-1.51169502009267e-17,9,38,127,1968
2021,8,문학,-1.1411707507796471,3.2253316144626423,0.818773511823654,0.39126452588025695,-1.51169502009267e-17,7,34,121,1771
2021,8,사직,2.178326601730131,-1.9937454422565963,0.6206659791500063,0.3384350886849025,-1.51169502009267e-17,8,40,126,1881
2021,8,수원,14.81605766163808,5.299378361955704,0.6008659734969631,0.46921399841136097,-1.51169502009267e-17,11,43,167,2653
2021,8,잠실,0.0,0.0,0.20000000000000004,0.2,-1.51169502009267e-17,16,75,224,3648
2021,8,창원,3.0900321387134895,0.7296573042158805,0.7542147167329537,0.4487552543307143,-1.51169502009267e-17,8,36,106,1764
2021,9,고척,10.479619073286237,10.145776256725936,0.5112441949312008,0.3583030723643923,-1.8602523420981316e-17,14,76,227,3316
2021,9,광주,14.108626502261803,1.4439361078543378,0.4069978544202924,0.35125017311203244,-1.8602523420981316e-17,15,66,222,3448
2021,9,대구,5.918089302367427,4.762452837926313,0.3805367442555319,0.39109321724597523,-1.8602523420981316e-17,15,68,233,3692
2021,9,대전구,17.661173356700854,2.318612703464807,0.43311963318072894,0.41525724901992733,-1.8602523420981316e-17,11,67,184,2787
2021,9,문학,-1.2239232130590985,3.1818225083625657,0.4133375260073276,0.2993633625954884,-1.8602523420981316e-17,14,73,240,3802
2021,9,사직,1.415590531017319,-2.0306509220490376,0.6301077068983547,0.3784198659225111,-1.8602523420981316e-17,9,49,151,2424
2021,9,수원,14.109082001829453,6.791702691195866,0.5786930782317035,0.5065438959592776,-1.8602523420981316e-17,12,54,177,2862
2021,9,잠실,0.0,0.0,0.19999999999999998,0.2,-1.8602523420981316e-17,26,99,330,5443
2021,9,창원,2.0202387570529723,1.8339628229041232,0.5190692379050744,0.35447198904585575,-1.8602523420981316e-17,15,68,218,3588
2021,10,고척,9.406936995564033,8.978181141397844,0.5274144001593167,0.43563052800315216,-4.850679480458991e-18,9,47,135,2052
2021,10,광주,11.442483486727888,1.363979008202099,0.4455879715620093,0.36990096108472664,-4.850679480458991e-18,13,64,209,3317
2021,10,대구,3.7622811516760493,4.4173602934370635,0.8877349823281301,0.46674369349334177,-4.850679480458991e-18,10,40,129,2268
2021,10,대전구,17.628446534763256,2.8669891160665406,0.46631282967356263,0.4052736445709185,-4.850679480458991e-18,12,63,217,3132
2021,10,문학,-3.261619634188669,2.6104760571319345,0.4357548984943971,0.3364396841200829,-4.850679480458991e-18,10,50,181,2681
2021,10,사직,0.6601296957905127,-2.06051730036733,0.39458859875962804,0.34062030453515935,-4.850679480458991e-18,19,69,265,4109
2021,10,수원,13.466358206046408,5.299775276334909,0.8132906897796159,0.5163314767919975,-4.850679480458991e-18,10,50,152,2566
2021,10,잠실,0.0,0.0,0.20000000000000004,0.19999999999999998,-4.850679480458991e-18,25,100,414,6295
2021,10,창원,-1.032767866430941,1.444967624343394,0.49800829450952794,0.4682592703998376,-4.850679480458991e-18,15,68,253,3862
2022,4,고척,9.720192701408212,10.516591349578402,0.4599778019960922,0.3558734141156043,2.390099734325852e-18,13,57,200,3028
2022,4,광주,6.749210826339267,2.619602770553424,0.3773955316424987,0.40237046038219954,2.390099734325852e-18,12,54,178,2959
2022,4,대구,2.645872110635543,4.333582154977054,0.5127516646570909,0.4015774459831004,2.390099734325852e-18,12,51,182,2922
2022,4,대전구,14.21822306401664,3.3547003888966564,0.4281186284890951,0.3739711930276216,2.390099734325852e-18,12,61,216,3159
2022,4,문학,-4.743808984560074,3.8686011194769607,0.34821939230212134,0.315166095914396,2.390099734325852e-18,11,51,177,2699
2022,4,사직,3.42899807540471,1.620550252408579,0.4485868712195244,0.35115346014835874,2.390099734325852e-18,12,54,191,3106
2022,4,수원,14.749425019185594,5.526679630687654,0.6009302089627119,0.509727772357168,2.390099734325852e-18,13,53,185,3045
2022,4,잠실,0.0,0.0,0.19999999999999998,0.19999999999999996,2.390099734325852e-18,25,92,371,5881
2022,4,창원,8.18279938474776,2.034780813315959,0.5823267055140767,0.33576510206652144,2.390099734325852e-18,13,59,208,3304
2022,5,고척,9.15161263546566,10.31160653316451,0.42887451497580203,0.28575622914701243,-4.197286044105295e-18,11,51,166,2747
2022,5,광주,6.875792168760011,2.460839553227525,0.45877114967828614,0.36979866308831877,-4.197286044105295e-18,13,58,205,3362
2022,5,대구,0.5898137964403141,5.213424510374316,0.6547006452448835,0.354878583404992,-4.197286044105295e-18,14,54,216,3662
2022,5,대전구,13.21282283425563,3.4674111066417517,0.4353997451531259,0.33634520804903384,-4.197286044105295e-18,13,57,210,3299
2022,5,문학,-4.80318878911466,3.687177716275265,0.3584983488767828,0.30644600246250736,-4.197286044105295e-18,14,57,213,3424
2022,5,사직,2.8616696096078176,1.4843046052000748,0.44568771719457406,0.3841255355485588,-4.197286044105295e-18,13,49,190,3154
2022,5,수원,14.426986379352016,5.8272800146159485,0.5074082882673816,0.48262319991912883,-4.197286044105295e-18,12,56,191,3084
2022,5,잠실,0.0,0.0,0.20000000000000007,0.2,-4.197286044105295e-18,26,104,421,6835
2022,5,창원,9.044851689522243,1.413984012303315,0.6001828369160666,0.29588423904497063,-4.197286044105295e-18,13,61,212,3513
2022,6,고척,9.581805146473656,10.608407788583273,0.462846716467983,0.31321253291800294,2.4017094949705157e-18,14,61,216,3240
2022,6,광주,8.356513548952922,1.8970659424922642,0.41552775071224746,0.309328850994088,2.4017094949705157e-18,11,48,185,2873
2022,6,대구,2.142267542263042,4.165463853253815,0.3699698807359971,0.33401598367177243,2.4017094949705157e-18,11,53,169,2778
2022,6,대전구,13.826338813541353,2.631058855054733,0.5613286397670663,0.3286856441120608,2.4017094949705157e-18,11,57,191,2821
2022,6,문학,-4.139047378129101,3.6546832727283824,0.4099122957384116,0.30970596911540954,2.4017094949705157e-18,10,46,155,2505
2022,6,사직,2.777544399300389,1.325170117693176,0.40565122418699195,0.3812041354007702,2.4017094949705157e-18,16,65,230,3647
2022,6,수원,14.539820795751895,6.18365846226002,0.6396959059446203,0.49386270710985963,2.4017094949705157e-18,11,48,170,2745
2022,6,잠실,0.0,0.0,0.19999999999999996,0.2,2.4017094949705157e-18,23,81,289,4177
2022,6,창원,8.442068294831145,1.2795480944502629,0.6258305042801044,0.3515443188868185,2.4017094949705157e-18,10,45,153,2477
2022,7,고척,9.440725154317867,11.98483267971574,0.8395183387296675,0.3474105584190002,-1.663169079342406e-17,9,43,134,2148
2022,7,광주,8.874691963911244,2.2139835583815786,0.38926309672501286,0.3639604569143983,-1.663169079342406e-17,10,52,155,2438
2022,7,대구,3.7375389680899778,5.441855055020058,0.39553901618421056,0.38958106170625345,-1.663169079342406e-17,9,43,157,2283
2022,7,대전구,14.950430980502304,3.765682726115947,0.49636117608907593,0.5406815191053748,-1.663169079342406e-17,8,41,130,2126
2022,7,문학,-3.2965490111338855,4.3037215196452445,0.38681263378541014,0.27031590945688505,-1.663169079342406e-17,11,50,163,2505
2022,7,사직,4.796256681286641,1.9349502001406957,0.4811733040766329,0.538471455007912,-1.663169079342406e-17,6,30,96,1501
2022,7,수원,16.26259570869393,6.855146760218098,0.5593521204509285,0.513090454828268,-1.663169079342406e-17,11,47,165,2628
2022,7,잠실,0.0,0.0,0.19999999999999998,0.2,-1.663169079342406e-17,18,72,271,4379
2022,7,창원,10.514027967977245,0.7703807285789122,0.45087750778938024,0.3614248080589233,-1.663169079342406e-17,10,53,176,2600
2022,8,고척,11.026084517916622,11.43884183502421,0.5503587541692477,0.3060556566628982,-1.5353482965393221e-19,12,45,195,2999
2022,8,광주,8.23426831063701,1.7080355936022098,0.3505604050981352,0.3167679121867504,-1.5353482965393221e-19,10,46,165,2690
2022,8,대구,4.196185449491242,5.951605824080152,0.7032060235736091,0.36224767357752646,-1.5353482965393221e-19,6,36,98,1461
2022,8,대전구,15.197902319648158,3.8753730946688627,0.3699130497697132,0.334373616293251,-1.5353482965393221e-19,13,57,220,3308
2022,8,문학,-2.7206292715808367,4.446213357471763,0.3785120308390029,0.2736816536325002,-1.5353482965393221e-19,11,46,171,2665
2022,8,사직,3.553795257372901,1.0440172081465313,0.3655880413520145,0.3324667767853365,-1.5353482965393221e-19,13,63,205,3007
2022,8,수원,15.326609739279538,6.158979989608073,0.43028654234523106,0.37548494318061015,-1.5353482965393221e-19,12,55,182,2908
2022,8,잠실,0.0,0.0,0.19999999999999998,0.19999999999999998,-1.5353482965393221e-19,22,75,319,5187
2022,8,창원,10.252566571650494,1.4177036328147388,0.5656027680685317,0.3542993692800559,-1.5353482965393221e-19,10,43,160,2518
2022,9,고척,10.547170214103364,11.202040321403443,0.5824006034398639,0.30599511479979596,6.32416454924341e-18,13,77,225,3421
2022,9,광주,9.118984741153575,2.5180548528527646,0.47686237156944616,0.3283762394075543,6.32416454924341e-18,11,59,182,2997
2022,9,대구,2.862064226845124,5.329935598969386,0.5188358860621799,0.34835528960174245,6.32416454924341e-18,15,67,199,3070
2022,9,대전구,15.717160649704978,4.177668093405384,0.706085684713125,0.33766282784926216,6.32416454924341e-18,12,60,190,2882
2022,9,문학,-3.385410682408299,4.383194965424775,0.4165761365823678,0.2204318866054784,6.32416454924341e-18,15,70,237,3764
2022,9,사직,4.244995469304516,1.696849707253282,0.5269320607958284,0.39690007584775594,6.32416454924341e-18,7,42,129,1762
2022,9,수원,15.292645586169431,6.725920650547134,0.6186301184307262,0.5150031996032443,6.32416454924341e-18,10,52,144,2428
2022,9,잠실,0.0,0.0,0.2000000000000001,0.20000000000000007,6.32416454924341e-18,22,92,322,5019
2022,9,창원,9.369047784272627,1.7174224249793628,0.4910076602466885,0.4564585012962744,6.32416454924341e-18,12,58,192,3034
2023,4,고척,10.300542591644785,9.387576310506825,0.40125462105107196,0.39689215138573897,-1.2295068854635858e-17,14,61,219,3343
2023,4,광주,5.486904183119719,2.197886845997795,0.42173060924340566,0.41343491848154296,-1.2295068854635858e-17,12,50,176,3062
2023,4,대구,1.817396902798409,4.330404544103972,0.44290769819770565,0.39417528456994216,-1.2295068854635858e-17,12,52,176,2907
2023,4,대전구,16.94487521027144,2.778461144112402,0.3716886503712324,0.37449929873327004,-1.2295068854635858e-17,12,54,220,3129
2023,4,문학,-3.114970738084242,3.1166656360539493,0.4920681560222161,0.3024932248629367,-1.2295068854635858e-17,12,49,187,3102
2023,4,사직,-1.2708147248935013,-0.3334975888633469,0.3974392398507121,0.3541125182741079,-1.2295068854635858e-17,13,55,189,2796
2023,4,수원,14.302101059933545,4.9953861970201245,0.4925082133684247,0.3984869845725489,-1.2295068854635858e-17,11,56,202,3119
2023,4,잠실,0.0,0.0,0.20000000000000004,0.2,-1.2295068854635858e-17,25,92,412,6593
2023,4,창원,6.069988804667368,0.8687009745647192,0.6222377269237912,0.4395778236234726,-1.2295068854635858e-17,9,40,140,2260
2023,5,고척,9.98562342060466,9.992052163629456,0.4598485613826642,0.3091292289505949,-4.232228974585312e-18,12,56,203,3140
2023,5,광주,7.556007830999363,2.1841743060166365,0.4132038043982876,0.2717891897794349,-4.232228974585312e-18,13,61,200,3136
2023,5,대구,3.1542606086932388,3.942968915581062,0.4466377552541314,0.328476752091027,-4.232228974585312e-18,11,52,165,2540
2023,5,대전구,16.800372734498847,3.48083540530497,0.3634448040792823,0.2573933367761745,-4.232228974585312e-18,12,52,187,2823
2023,5,문학,-3.887982839568135,3.850033353668988,0.39621895098770205,0.25578614665222954,-4.232228974585312e-18,11,51,200,2826
2023,5,사직,-1.2130434955769225,0.510227889522822,0.3930185386012107,0.2782728129078402,-4.232228974585312e-18,9,43,140,2208
2023,5,수원,14.761117649718054,5.75403609942996,0.43060879778733696,0.3039616610967683,-4.232228974585312e-18,12,58,178,3038
2023,5,잠실,0.0,0.0,0.20000000000000007,0.20000000000000004,-4.232228974585312e-18,22,93,351,5531
2023,5,창원,6.3086421021963055,1.25137558337914,0.5800046971707813,0.30908225121166366,-4.232228974585312e-18,11,58,188,2698
2023,6,고척,9.272878886359898,10.335803570406657,0.34944020583766017,0.3111938276830399,-6.4051832827696684e-18,10,45,157,2387
2023,6,광주,7.520551832286568,1.8824051552838252,0.4172856504277686,0.3475216152401394,-6.4051832827696684e-18,10,48,184,2753
2023,6,대구,2.8092452815442908,4.768338245810424,0.5805284717059466,0.3433779362131545,-6.4051832827696684e-18,10,51,163,2695
2023,6,대전구,17.370321518559287,2.8681252128011314,0.37317997045887247,0.33134617935924426,-6.4051832827696684e-18,15,67,265,3811
2023,6,문학,-2.9821376782586704,4.260924695399572,0.40456453703881196,0.295869246893457,-6.4051832827696684e-18,15,61,247,4133
2023,6,사직,-0.37471853865071836,-0.23836715913691453,0.40602404675147363,0.3288422208538417,-6.4051832827696684e-18,11,55,205,3144
2023,6,수원,14.329834016036346,6.349021183543759,0.4690290639964586,0.40671366289918404,-6.4051832827696684e-18,13,56,198,3240
2023,6,잠실,0.0,0.0,0.19999999999999998,0.2,-6.4051832827696684e-18,25,94,427,6412
2023,6,창원,6.946185908085678,1.0392638600980968,0.5062354770934896,0.26320495224258644,-6.4051832827696684e-18,11,55,201,3088
2023,7,고척,10.659542774771857,10.936287470864446,0.49990443273898033,0.3610320393995366,-2.8772687375968116e-18,14,59,225,3212
2023,7,광주,8.743623062907947,1.1332730338212524,0.4763439265357825,0.42201051125668265,-2.8772687375968116e-18,6,28,86,1423
2023,7,대구,3.211241541593237,4.282256588361258,0.5408610572928998,0.38860103120962897,-2.8772687375968116e-18,8,38,118,1817
2023,7,대전구,17.413565712631986,2.872666873769173,0.5072236426155808,0.36095396225913057,-2.8772687375968116e-18,6,37,109,1678
2023,7,문학,-3.7870699088983812,3.547069383232194,0.6119789970658094,0.35985167922542977,-2.8772687375968116e-18,6,35,107,1526
2023,7,사직,0.2699435509427328,-0.6363200313428568,0.49454332561505066,0.4206685103928015,-2.8772687375968116e-18,6,37,107,1390
2023,7,수원,14.965498121645606,6.5238493216609665,0.5318743257100522,0.43626996582816,-2.8772687375968116e-18,8,43,126,2039
2023,7,잠실,0.0,0.0,0.19999999999999993,0.19999999999999998,-2.8772687375968116e-18,15,55,166,2432
2023,7,창원,7.0781084274187975,0.5581952718602956,0.6557354020136478,0.39910273332166857,-2.8772687375968116e-18,10,47,143,2390
2023,8,고척,10.648770951781621,10.911921536311292,0.5070779278889664,0.3519948173426803,-1.5776546887095595e-17,9,45,176,2604
2023,8,광주,7.982751597554948,1.849843797864093,0.4084949188407359,0.30513700592446413,-1.5776546887095595e-17,11,50,182,2612
2023,8,대구,4.123420575527398,4.483282287815452,0.40706126417856875,0.33380272472950345,-1.5776546887095595e-17,12,50,177,2628
2023,8,대전구,18.436695419149224,3.2671237207422106,0.7394272685209944,0.31936649097699615,-1.5776546887095595e-17,11,43,183,2833
2023,8,문학,-3.6215486931874636,4.450848940344623,0.40895400969173745,0.3971239883328533,-1.5776546887095595e-17,11,48,203,3032
2023,8,사직,0.15819992126069238,-0.8115305807836606,0.4777275191037867,0.3195930188460851,-1.5776546887095595e-17,15,56,249,3662
2023,8,수원,10.577945040717829,7.77363957073546,0.6202610069806042,0.26838731967273255,-1.5776546887095595e-17,11,52,160,2731
2023,8,잠실,0.0,0.0,0.2,0.2,-1.5776546887095595e-17,21,85,364,5577
2023,8,창원,8.315246811489956,0.17080270811956666,0.5662562530556682,0.3710877307040777,-1.5776546887095595e-17,9,45,159,2230
2023,9,고척,10.857326171757254,10.809339777293504,0.7470901360689564,0.41208451675299895,-5.513913997462052e-18,9,49,133,2081
2023,9,광주,7.737971117742568,1.5931925457139815,0.3239108564364962,0.37788593732186904,-5.513913997462052e-18,12,50,206,3015
2023,9,대구,3.197001207971505,4.327556205970028,0.6018537199200433,0.542244142234046,-5.513913997462052e-18,8,43,131,1888
2023,9,대전구,18.492398222574952,3.791313337626768,0.543200298634806,0.3871299174316591,-5.513913997462052e-18,12,62,218,2875
2023,9,문학,-2.6085896906821446,3.5927537960143967,0.43794800919582116,0.3272386192824244,-5.513913997462052e-18,10,47,173,2737
2023,9,사직,-0.4211097880583985,-0.5395528148059476,0.5664487963553445,0.36672463683868256,-5.513913997462052e-18,7,37,109,1689
2023,9,수원,10.945753817725873,7.465933549563967,0.5792382849700681,0.4015010830384305,-5.513913997462052e-18,8,42,152,2317
2023,9,잠실,0.0,0.0,0.19999999999999998,0.2,-5.513913997462052e-18,22,90,357,5334
2023,9,창원,6.45413700904566,0.012878356698267979,0.4982720933325845,0.3304533054032995,-5.513913997462052e-18,15,65,216,3532
2023,10,광주,7.160661080807133,2.1304540365304225,0.45306143892683337,0.40944163113152804,-6.497006090945258e-18,7,39,94,1611
2023,10,대전구,17.898682133145392,2.934978961383324,0.7302750658895633,0.45326505281380064,-6.497006090945258e-18,5,26,65,988
2023,10,문학,-2.9802735412335526,3.422071521978742,0.4883697760518549,0.3675144529529764,-6.497006090945258e-18,9,43,154,2215
2023,10,사직,-0.28912153863544354,-0.7547703698659773,0.3620747903513689,0.493371214450671,-6.497006090945258e-18,7,38,94,1436
2023,10,수원,10.974507721093152,6.808776841579616,0.4739416818243716,0.6204325263887802,-6.497006090945258e-18,12,44,91,1482
2023,10,잠실,0.0,0.0,0.20000000000000004,0.2,-6.497006090945258e-18,13,56,149,2070
2023,10,창원,6.42524160215077,-0.25626234011421256,0.6312746272410047,0.33623797213182266,-6.497006090945258e-18,8,44,157,2219
2024,3,광주,3.311605840737228,1.3965477895904077,0.6626937282019321,0.5874055296647348,-1.2908627819727099e-17,7,44,116,1535
2024,3,대구,-1.0977943610680794,4.583284990696988,0.7248709542788635,0.563456639159739,-1.2908627819727099e-17,8,48,129,1798
2024,3,대전구,8.45290172863077,4.2365193794549745,0.8275330830059763,0.487964774510751,-1.2908627819727099e-17,10,57,155,1996
2024,3,문학,-11.120367216343322,2.93847534424677,1.3565970898910678,0.4414258648973193,-1.2908627819727099e-17,10,58,174,2353
2024,3,사직,-3.6759954523629297,1.546094058644838,0.7645333267504626,0.4956323379240044,-1.2908627819727099e-17,8,44,123,1741
2024,3,수원,16.869981601028133,8.198205711616055,0.6483325068566799,0.5370048982028245,-1.2908627819727099e-17,10,61,186,2450
2024,3,잠실,0.0,0.0,0.19999999999999998,0.19999999999999996,-1.2908627819727099e-17,11,67,194,2645
2024,3,창원,2.374894444069702,1.0449949974716022,0.6520209298452931,0.5190140209110038,-1.2908627819727099e-17,9,51,147,2030
2024,4,고척,7.933641943444366,11.391649591992845,0.46205126062032464,0.30370215215807844,-2.299660080497502e-18,15,61,233,3632
2024,4,광주,1.8058529217553554,0.37462317527457323,0.38781714670114187,0.3846854193110167,-2.299660080497502e-18,10,52,195,2865
2024,4,대구,0.5809850180637985,4.81966355996057,0.5257067670562321,0.3387486303074136,-2.299660080497502e-18,11,49,179,2777
2024,4,대전구,8.526488656245144,4.092857232480636,0.6613563346967658,0.34574013001662013,-2.299660080497502e-18,12,61,221,3145
2024,4,문학,-5.09315471326744,3.1927558103178324,0.5484169293379368,0.3185870909600469,-2.299660080497502e-18,15,67,246,3217
2024,4,사직,-3.2498750160809564,1.5347094311214828,0.42580692103393164,0.3237791269606137,-2.299660080497502e-18,12,58,196,3006
2024,4,수원,16.615773460468983,9.120936418030036,0.40645512208808565,0.37430289103227754,-2.299660080497502e-18,9,48,149,2345
2024,4,잠실,0.0,0.0,0.2,0.2,-2.299660080497502e-18,25,103,438,6668
2024,4,창원,3.0734770979698354,1.5717840514337613,0.4162140266666616,0.30177892358021413,-2.299660080497502e-18,12,52,205,3210
2024,5,고척,7.912001497383727,11.386375361866593,0.6445978112023241,0.48297352826978324,-7.411553776114332e-18,10,44,167,2502
2024,5,광주,0.8755770913612695,0.6463834208187293,0.6050489804669135,0.40112783298925814,-7.411553776114332e-18,14,56,243,3489
2024,5,대구,-1.619115472744201,4.183886043729028,0.49956629126316593,0.504616617565784,-7.411553776114332e-18,14,61,258,3626
2024,5,대전구,8.385230704599467,4.260275914398435,0.5565457354420433,0.44939884661470836,-7.411553776114332e-18,14,64,242,3484
2024,5,문학,-8.009452768908583,2.163307301485058,1.0589879699234146,0.9027592446717612,-7.411553776114332e-18,9,48,173,2636
2024,5,사직,-3.027219665771109,0.14508784287633425,0.4283838543084007,0.41175165634969535,-7.411553776114332e-18,14,64,241,3434
2024,5,수원,16.35206377690203,8.50068802738521,0.5629461715901302,0.4177673702254667,-7.411553776114332e-18,11,54,196,3031
2024,5,잠실,0.0,0.0,0.2,0.20000000000000004,-7.411553776114332e-18,25,88,402,5785
2024,5,창원,2.2109245551686953,0.41281574275807564,0.5335625420501279,0.47507386386920825,-7.411553776114332e-18,11,50,200,2900
2024,6,고척,11.285022062538266,14.19249072597048,0.3823270653319546,0.4572974798608749,-1.1921191542238537e-17,14,60,220,3116
2024,6,광주,2.4323430100806034,0.6118600058565113,0.645189379203029,0.7100772749986365,-1.1921191542238537e-17,12,54,211,3204
2024,6,대구,-0.6633702758515607,4.307402124643546,0.4652504005954597,0.5310373871195605,-1.1921191542238537e-17,11,50,192,2778
2024,6,대전구,4.851112006322575,4.507776997968237,0.4882669457741017,0.4402850051020973,-1.1921191542238537e-17,9,48,157,2323
2024,6,문학,-6.656913423508437,5.829192254280032,0.5540086851702626,0.5710101405952259,-1.1921191542238537e-17,12,57,218,3158
2024,6,사직,-2.0881214485293143,1.0918567470899623,0.3472873769542425,0.5238594066669572,-1.1921191542238537e-17,12,61,220,3215
2024,6,수원,15.779060510237162,9.39163524586293,0.39144964824085227,0.7670371586981846,-1.1921191542238537e-17,15,64,259,3687
2024,6,잠실,0.0,0.0,0.19999999999999998,0.2,-1.1921191542238537e-17,26,107,424,6341
2024,6,창원,2.7678449018442155,1.8935151743951844,0.3233117499654054,0.49666483256938926,-1.1921191542238537e-17,11,58,210,3056
2024,7,고척,8.592642502246562,13.157265621468568,0.4817160493196575,0.3528824863530723,3.6085173631734045e-18,14,56,214,3356
2024,7,광주,2.947775295877755,3.225683908904408,0.5895499930582218,0.671463214676311,3.6085173631734045e-18,10,48,179,2623
2024,7,대구,-0.32586680532935297,4.401682877897232,0.5771709874885063,0.7342880517945088,3.6085173631734045e-18,11,47,167,2629
2024,7,대전구,5.543687963923785,5.270948585570422,0.6389295976277996,0.47213670986025347,3.6085173631734045e-18,11,48,192,2716
2024,7,문학,-9.79678872515675,6.078354689147587,0.6478982841641795,0.4674006287314986,3.6085173631734045e-18,11,54,170,2505
2024,7,수원,14.702585986614041,9.552106259783795,0.5054267964077974,0.5342945900653253,3.6085173631734045e-18,8,49,150,2223
2024,7,잠실,0.0,0.0,0.19999999999999993,0.19999999999999996,3.6085173631734045e-18,17,85,308,4393
2024,7,창원,3.145196656724247,2.8519144266561387,0.6356342679924255,0.5331673631427329,3.6085173631734045e-18,9,44,145,2167
2024,8,고척,6.805787667366371,12.860031853840583,0.4884844315179737,0.545992192778534,-2.4059714958868606e-17,14,65,224,3482
2024,8,광주,3.886826553788076,4.0202011378662466,0.38861253215990793,0.961157213119001,-2.4059714958868606e-17,11,51,209,3040
2024,8,대구,1.2251888813859182,1.7466369823661205,0.5026571127675946,0.5616943564105433,-2.4059714958868606e-17,13,63,212,3001
2024,8,대전구,6.277560313878732,6.467674277732414,0.6621982783557578,0.5028972214735423,-2.4059714958868606e-17,9,44,157,2160
2024,8,문학,-11.505189427251304,7.293787670565216,0.5694596862429366,0.6461719807176146,-2.4059714958868606e-17,11,48,193,3011
2024,8,사직,-1.6240538025928775,1.2430510125932415,0.4776661429400347,0.5432084349335154,-2.4059714958868606e-17,8,45,148,2172
2024,8,수원,14.718899056012251,8.683593190577525,0.475918334973653,0.4349342155978784,-2.4059714958868606e-17,11,47,168,2744
2024,8,잠실,0.0,0.0,0.19999999999999996,0.2,-2.4059714958868606e-17,24,100,396,5992
2024,8,창원,3.3819045761189273,2.4403414850801877,0.49218211127333333,0.5883312020421951,-2.4059714958868606e-17,13,67,226,3098
2024,9,광주,4.153281952268718,5.4603765713460986,0.672354084294602,0.8414492500330003,-1.871377541725827e-17,13,57,185,2487
2024,9,대구,-1.338707115527109,2.1274272700449,0.5934414445136106,0.6006797815783173,-1.871377541725827e-17,8,50,130,1993
2024,9,대전구,5.1126274427520135,6.362487545362012,1.2200181458945438,0.7304040404954542,-1.871377541725827e-17,8,46,140,2008
2024,9,문학,-11.413447677403639,10.15953047786513,0.8249961779757855,0.8362759566585927,-1.871377541725827e-17,9,53,167,2274
2024,9,사직,-0.6781963901031185,1.6228322790853187,0.6891616113470066,0.46310527897402726,-1.871377541725827e-17,14,73,251,3738
2024,9,수원,13.665696614726567,11.737561591722727,0.7616168533755373,0.7523706013337912,-1.871377541725827e-17,12,63,193,2690
2024,9,잠실,0.0,0.0,0.2,0.20000000000000004,-1.871377541725827e-17,19,83,317,4924
2024,9,창원,3.073841883151778,4.874189440830186,0.6206455903738463,0.8819160291664229,-1.871377541725827e-17,12,68,213,3016
2025,3,고척,7.206042317050059,11.74197041675442,1.294919394884789,1.0146163757680149,-3.756950107984904e-17,7,40,101,1586
2025,3,광주,2.660780050810839,2.369277425366454,1.2528239265537646,1.1675698874892855,-3.756950107984904e-17,7,43,117,1730
2025,3,대구,-5.3160863252111135,1.078275497121297,1.3235316937043318,0.886532298132035,-3.756950107984904e-17,11,66,178,2207
2025,3,문학,-7.923366122985136,7.763640696925805,1.069931917730943,1.060929755405909,-3.756950107984904e-17,11,56,153,2213
2025,3,사직,-1.5742560375333063,0.7397796433763921,0.9455786632044751,1.6425219434843277,-3.756950107984904e-17,9,51,139,1898
2025,3,수원,9.831289057774338,11.273782958540476,1.0336487100318785,1.2622370482406717,-3.756950107984904e-17,10,52,136,1950
2025,3,잠실,0.0,0.0,0.20000000000000004,0.19999999999999996,-3.756950107984904e-17,11,68,153,2419
2025,3,창원,-6.895519412158869,2.8559311507996665,1.1133946588443715,1.0379280572851124,-3.756950107984904e-17,9,47,132,1963
2025,4,고척,4.919663319218795,7.082652390585354,0.5704098735757421,0.7367563015145948,0.0,14,57,204,3271
2025,4,광주,5.773613337594575,-0.1336336282435202,0.7149296236001944,0.5292681314971242,0.0,12,50,192,2920
2025,4,대구,-4.5196013748978965,-1.1923227925666806,0.7104919918340613,0.6130544744454566,0.0,14,63,247,3626
2025,4,대전신,2.1049946567430853,-2.178528355612385,0.6277215684885381,0.7361183841923192,0.0,13,59,200,3200
2025,4,문학,-10.985108267472254,3.7639309142295994,1.184282158430202,0.6398742735980358,0.0,13,54,217,3387
2025,4,사직,-1.879523913319888,-6.510078816097486,0.5764289179360741,0.6934741577531395,0.0,14,66,250,3809
2025,4,수원,11.067086782913911,7.595768771041554,1.803557876464459,1.1638037106550552,0.0,10,48,166,2455
2025,4,잠실,0.0,0.0,0.2,0.2,0.0,24,100,408,6245
2025,5,고척,5.429405730490217,9.84608125572408,0.43785669461180504,1.204287630029869,0.0,15,62,241,3656
2025,5,광주,1.2767169674340906,2.483831510856227,0.6744854922327521,1.0348226046883473,0.0,11,50,191,2952
2025,5,대구,-5.22536203288427,0.09579172997274554,0.6738046114263535,1.0349380837187416,0.0,11,47,194,2854
2025,5,대전신,0.590887451695135,-0.5695321611956778,0.5480805377202035,1.3030116765852964,0.0,12,52,188,2772
2025,5,문학,-15.298006459233065,3.898399929299817,0.8654673862240211,0.912367089211856,0.0,13,53,208,3390
2025,5,사직,-1.3269355304590285,-7.016083653247776,0.5208162530542395,1.2414907555933241,0.0,14,58,244,3627
2025,5,수원,18.73292402915549,4.048826214552804,0.6354151630519449,1.221701015233644,0.0,17,66,238,3585
2025,5,잠실,0.0,0.0,0.2,0.2,0.0,27,97,448,6753
2025,6,고척,9.671849596108249,16.49454725196875,0.4716494118687781,0.7566859558718767,-1.2995736952279013e-17,16,68,280,3716
2025,6,광주,5.764342822673488,7.4165249454321565,0.6384781820729903,0.7096253821339932,-1.2995736952279013e-17,9,44,160,2267
2025,6,대구,0.9401471575698208,3.2814851107816505,0.5933148127037785,0.6708061681278267,-1.2995736952279013e-17,10,52,171,2449
2025,6,대전신,5.488204400683963,4.1692362085735315,0.5522450312838516,0.9836031178510102,-1.2995736952279013e-17,9,46,151,2290
2025,6,문학,-9.004507421929755,8.674104316093038,0.7572828577421227,0.7954085267640829,-1.2995736952279013e-17,10,43,141,2147
2025,6,사직,2.861505144008471,-5.73943800567983,0.556125674720424,0.858951255576207,-1.2995736952279013e-17,12,51,187,3032
2025,6,수원,20.948439982743558,13.174452679411617,0.6567441331425413,0.8285305885768998,-1.2995736952279013e-17,11,51,193,2873
2025,6,잠실,0.0,0.0,0.20000000000000007,0.2,-1.2995736952279013e-17,22,84,372,5353
2025,6,창원,3.55853532440515,5.740863015923521,0.4972699977346609,0.568318498751085,-1.2995736952279013e-17,12,55,201,2958
2025,7,고척,11.123612411564277,14.624197487462164,0.5407775180637697,0.7726630001193323,-2.831898466785227e-18,6,33,86,1399
2025,7,광주,7.104068553025479,5.403731986976474,0.4111265088323303,0.9693904521815374,-2.831898466785227e-18,13,64,199,2747
2025,7,대구,1.4548329443374355,2.3320323771270433,0.44290511958775325,0.7211367980238919,-2.831898466785227e-18,7,40,127,1731
2025,7,대전신,7.075817810189659,1.7884242294255355,0.4698038796819076,0.8381591119976762,-2.831898466785227e-18,13,64,215,3013
2025,7,문학,-5.00305956316097,7.8732633416935816,0.8127613762784945,0.8569971292111571,-2.831898466785227e-18,8,39,130,2028
2025,7,사직,6.427002403408185,-8.300260718640454,0.38334109119495463,1.0306347178503124,-2.831898466785227e-18,12,53,193,3050
2025,7,수원,24.382981983582503,12.043254233186566,0.5613511531925813,0.8343214486580108,-2.831898466785227e-18,9,42,142,2262
2025,7,잠실,0.0,0.0,0.2,0.20000000000000004,-2.831898466785227e-18,21,76,342,5029
2025,7,창원,5.555576646338978,2.5176154087595766,0.5814041212675704,0.8931620540977812,-2.831898466785227e-18,12,56,190,2751
2025,8,고척,9.408385747717967,11.684203827569066,0.4652259178074615,0.7325280493990554,6.5241975594835065e-18,12,50,172,2849
2025,8,광주,4.683915572554955,2.342226201037815,0.5786584204558485,0.8499072348969351,6.5241975594835065e-18,7,36,126,1895
2025,8,대구,0.54108879931808,-0.33665238914228457,0.5768177754748143,0.5430045162269601,6.5241975594835065e-18,9,41,155,2221
2025,8,대전신,5.825931879302082,-0.7742747018853215,0.4412633958997526,0.6248904126982586,6.5241975594835065e-18,15,65,237,3245
2025,8,문학,-5.856572528037132,4.68073540334097,0.5412452541992687,0.5055683172486108,6.5241975594835065e-18,14,63,257,3799
2025,8,사직,3.131771709361489,-10.7287287942977,0.503792618727414,0.9916260498670393,6.5241975594835065e-18,14,61,243,3615
2025,8,수원,23.449584288807205,8.057500790542958,0.5315945853409442,0.717174420208061,6.5241975594835065e-18,10,43,153,2388
2025,8,잠실,0.0,0.0,0.19999999999999998,0.2000000000000001,6.5241975594835065e-18,26,103,457,6670
2025,8,창원,2.300140364688424,1.4765105336376845,0.5250889901758192,0.45318787859701454,6.5241975594835065e-18,20,76,344,4712
2025,9,고척,8.382866128679758,12.065142887406115,0.4422454565047739,1.1507511549776874,-1.2197106759916287e-17,5,34,84,1186
2025,9,광주,4.965843477638423,1.6020660272450717,0.5829670527617254,1.2090637465418925,-1.2197106759916287e-17,11,59,180,2566
2025,9,대구,1.4745333557912668,2.0591031715289683,0.6182759830990466,1.0195177299350369,-1.2197106759916287e-17,12,55,194,2626
2025,9,대전신,6.952322237771734,1.7564406063092965,0.5119533060392889,1.1022610336185819,-1.2197106759916287e-17,9,56,170,2259
2025,9,문학,-8.33811151664623,11.228301817437657,0.8210165287739262,1.3390904317681194,-1.2197106759916287e-17,9,46,136,2114
2025,9,사직,3.8353941494642134,-7.190460312362588,0.51771719435473,1.0015681213929934,-1.2197106759916287e-17,5,37,94,1333
2025,9,수원,20.933980394885793,9.656332913916529,0.5565549908848004,1.063122946434064,-1.2197106759916287e-17,10,51,157,2316
2025,9,잠실,0.0,0.0,0.2,0.19999999999999998,-1.2197106759916287e-17,15,75,241,3583
2025,9,창원,1.001273348651032,2.2108569843647006,0.5312422420572258,0.9158982159063742,-1.2197106759916287e-17,13,65,232,3121
