date,repeat,covariance,elapsed_ms,input_cells,input_games,aggregate_pitch_count,output_parks,columns,rank,input_memory_bytes
2025-05-01,0,False,38.23730000294745,3566,193,51105,9,25,25,1346059
2025-05-01,0,True,34.80780002428219,3566,193,51105,9,25,25,1346059
2025-05-11,0,False,46.306800039019436,4294,232,61648,9,25,25,1620821
2025-05-11,0,True,36.48040001280606,4294,232,61648,9,25,25,1620821
2025-05-23,0,False,31.021500006318092,5092,276,73562,9,25,25,1922473
2025-05-23,0,True,45.738699962385,5092,276,73562,9,25,25,1922473
2025-06-03,0,False,31.880200025625527,5625,307,82448,9,25,25,2123760
2025-06-03,0,True,47.317099990323186,5625,307,82448,9,25,25,2123760
2025-06-14,0,False,37.36879996722564,5959,326,88074,9,25,25,2250551
2025-06-14,0,True,37.98369999276474,5959,326,88074,9,25,25,2250551
2025-06-25,0,False,32.66299999086186,5968,324,87605,9,25,25,2254112
2025-06-25,0,True,45.01679999521002,5968,324,87605,9,25,25,2254112
2025-07-05,0,False,52.96589998761192,6009,326,87999,9,25,25,2269691
2025-07-05,0,True,55.27969996910542,6009,326,87999,9,25,25,2269691
2025-07-22,0,False,41.4640000090003,5532,299,80545,9,25,25,2089578
2025-07-22,0,True,37.50699997181073,5532,299,80545,9,25,25,2089578
2025-08-01,0,False,37.19890001229942,5611,302,81343,9,27,27,2119344
2025-08-01,0,True,39.05409999424592,5611,302,81343,9,27,27,2119344
2025-08-12,0,False,34.20389996608719,5637,304,81752,9,27,27,2128903
2025-08-12,0,True,45.72619998361915,5637,304,81752,9,27,27,2128903
2025-08-22,0,False,32.428600010462105,5649,304,81563,9,27,27,2133661
2025-08-22,0,True,41.583600046578795,5649,304,81563,9,27,27,2133661
2025-09-02,0,False,33.43809995567426,5727,304,82140,9,27,27,2163183
2025-09-02,0,True,35.88149999268353,5727,304,82140,9,27,27,2163183
2025-09-12,0,False,29.492300003767014,5511,292,78886,9,27,27,2081394
2025-09-12,0,True,35.27110000140965,5511,292,78886,9,27,27,2081394
2025-09-21,0,False,30.949499981943518,5553,292,78986,9,27,27,2097277
2025-09-21,0,True,39.52370001934469,5553,292,78986,9,27,27,2097277
2025-09-30,0,False,34.1535999905318,5387,282,76263,9,27,27,2034598
2025-09-30,0,True,37.132499972358346,5387,282,76263,9,27,27,2034598
2025-05-01,1,False,24.881299992557615,3566,193,51105,9,25,25,1346059
2025-05-01,1,True,26.49090002523735,3566,193,51105,9,25,25,1346059
2025-05-11,1,False,25.986499967984855,4294,232,61648,9,25,25,1620821
2025-05-11,1,True,30.3760000388138,4294,232,61648,9,25,25,1620821
2025-05-23,1,False,30.446499993558973,5092,276,73562,9,25,25,1922473
2025-05-23,1,True,34.406399994622916,5092,276,73562,9,25,25,1922473
2025-06-03,1,False,31.123600027058274,5625,307,82448,9,25,25,2123760
2025-06-03,1,True,35.5124999769032,5625,307,82448,9,25,25,2123760
2025-06-14,1,False,33.7135000154376,5959,326,88074,9,25,25,2250551
2025-06-14,1,True,51.39129998860881,5959,326,88074,9,25,25,2250551
2025-06-25,1,False,39.028999977745116,5968,324,87605,9,25,25,2254112
2025-06-25,1,True,42.370200040750206,5968,324,87605,9,25,25,2254112
2025-07-05,1,False,35.61319998698309,6009,326,87999,9,25,25,2269691
2025-07-05,1,True,37.88499999791384,6009,326,87999,9,25,25,2269691
2025-07-22,1,False,31.60089999437332,5532,299,80545,9,25,25,2089638
2025-07-22,1,True,35.57639999780804,5532,299,80545,9,25,25,2089638
2025-08-01,1,False,55.62290002126247,5611,302,81343,9,27,27,2119344
2025-08-01,1,True,37.61220001615584,5611,302,81343,9,27,27,2119344
2025-08-12,1,False,32.26760000688955,5637,304,81752,9,27,27,2128903
2025-08-12,1,True,40.5336000258103,5637,304,81752,9,27,27,2128903
2025-08-22,1,False,36.667500040493906,5649,304,81563,9,27,27,2133661
2025-08-22,1,True,37.618699949234724,5649,304,81563,9,27,27,2133661
2025-09-02,1,False,32.32820000266656,5727,304,82140,9,27,27,2163183
2025-09-02,1,True,36.94199997698888,5727,304,82140,9,27,27,2163183
2025-09-12,1,False,29.605099989566952,5511,292,78886,9,27,27,2081394
2025-09-12,1,True,35.20699997898191,5511,292,78886,9,27,27,2081394
2025-09-21,1,False,31.040800036862493,5553,292,78986,9,27,27,2097277
2025-09-21,1,True,39.306199993006885,5553,292,78986,9,27,27,2097277
2025-09-30,1,False,34.13890005322173,5387,282,76263,9,27,27,2034598
2025-09-30,1,True,35.541700024623424,5387,282,76263,9,27,27,2034598
2025-05-01,2,False,22.69060001708567,3566,193,51105,9,25,25,1346059
2025-05-01,2,True,26.687300007324666,3566,193,51105,9,25,25,1346059
2025-05-11,2,False,24.698699999134988,4294,232,61648,9,25,25,1620821
2025-05-11,2,True,29.014800034929067,4294,232,61648,9,25,25,1620821
2025-05-23,2,False,29.635999992024153,5092,276,73562,9,25,25,1922473
2025-05-23,2,True,35.261400043964386,5092,276,73562,9,25,25,1922473
2025-06-03,2,False,32.219499989878386,5625,307,82448,9,25,25,2123760
2025-06-03,2,True,43.2571999845095,5625,307,82448,9,25,25,2123760
2025-06-14,2,False,37.82379999756813,5959,326,88074,9,25,25,2250551
2025-06-14,2,True,45.35309999482706,5959,326,88074,9,25,25,2250551
2025-06-25,2,False,36.03980003390461,5968,324,87605,9,25,25,2254112
2025-06-25,2,True,48.79840003559366,5968,324,87605,9,25,25,2254112
2025-07-05,2,False,40.57850001845509,6009,326,87999,9,25,25,2269691
2025-07-05,2,True,39.52780005056411,6009,326,87999,9,25,25,2269691
2025-07-22,2,False,44.595500046852976,5532,299,80545,9,25,25,2089638
2025-07-22,2,True,49.09330001100898,5532,299,80545,9,25,25,2089638
2025-08-01,2,False,59.01260004611686,5611,302,81343,9,27,27,2119344
2025-08-01,2,True,41.42830002820119,5611,302,81343,9,27,27,2119344
2025-08-12,2,False,33.399300009477884,5637,304,81752,9,27,27,2128903
2025-08-12,2,True,41.84070002520457,5637,304,81752,9,27,27,2128903
2025-08-22,2,False,49.71280001336709,5649,304,81563,9,27,27,2133661
2025-08-22,2,True,61.17939995601773,5649,304,81563,9,27,27,2133661
2025-09-02,2,False,45.92070000944659,5727,304,82140,9,27,27,2163183
2025-09-02,2,True,38.40199997648597,5727,304,82140,9,27,27,2163183
2025-09-12,2,False,30.06330004427582,5511,292,78886,9,27,27,2081394
2025-09-12,2,True,35.72539996821433,5511,292,78886,9,27,27,2081394
2025-09-21,2,False,29.80260003823787,5553,292,78986,9,27,27,2097277
2025-09-21,2,True,35.882199998013675,5553,292,78986,9,27,27,2097277
2025-09-30,2,False,34.879199985880405,5387,282,76263,9,27,27,2034598
2025-09-30,2,True,37.915099994279444,5387,282,76263,9,27,27,2034598
2025-05-01,3,False,23.24800001224503,3566,193,51105,9,25,25,1346059
2025-05-01,3,True,26.180699991527945,3566,193,51105,9,25,25,1346059
2025-05-11,3,False,26.42429998377338,4294,232,61648,9,25,25,1620821
2025-05-11,3,True,31.51380002964288,4294,232,61648,9,25,25,1620821
2025-05-23,3,False,32.111399981658906,5092,276,73562,9,25,25,1922473
2025-05-23,3,True,38.69029995985329,5092,276,73562,9,25,25,1922473
2025-06-03,3,False,31.433899945113808,5625,307,82448,9,25,25,2123760
2025-06-03,3,True,37.55999996792525,5625,307,82448,9,25,25,2123760
2025-06-14,3,False,34.5954000367783,5959,326,88074,9,25,25,2250551
2025-06-14,3,True,39.406800002325326,5959,326,88074,9,25,25,2250551
2025-06-25,3,False,35.33610003069043,5968,324,87605,9,25,25,2254112
2025-06-25,3,True,46.348100004252046,5968,324,87605,9,25,25,2254112
2025-07-05,3,False,32.692499982658774,6009,326,87999,9,25,25,2269691
2025-07-05,3,True,36.49460000451654,6009,326,87999,9,25,25,2269691
2025-07-22,3,False,29.970099974889308,5532,299,80545,9,25,25,2089638
2025-07-22,3,True,34.19600002234802,5532,299,80545,9,25,25,2089638
2025-08-01,3,False,30.57999996235594,5611,302,81343,9,27,27,2119344
2025-08-01,3,True,35.44750000583008,5611,302,81343,9,27,27,2119344
2025-08-12,3,False,31.606500037014484,5637,304,81752,9,27,27,2128903
2025-08-12,3,True,35.71760002523661,5637,304,81752,9,27,27,2128903
2025-08-22,3,False,30.579500016756356,5649,304,81563,9,27,27,2133661
2025-08-22,3,True,35.467300040181726,5649,304,81563,9,27,27,2133661
2025-09-02,3,False,33.11700001358986,5727,304,82140,9,27,27,2163183
2025-09-02,3,True,37.36319998279214,5727,304,82140,9,27,27,2163183
2025-09-12,3,False,33.80979999201372,5511,292,78886,9,27,27,2081394
2025-09-12,3,True,34.270300006028265,5511,292,78886,9,27,27,2081394
2025-09-21,3,False,30.65599995898083,5553,292,78986,9,27,27,2097277
2025-09-21,3,True,35.92239995487034,5553,292,78986,9,27,27,2097277
2025-09-30,3,False,30.28529998846352,5387,282,76263,9,27,27,2034598
2025-09-30,3,True,35.58909997809678,5387,282,76263,9,27,27,2034598
2025-05-01,4,False,21.579899999778718,3566,193,51105,9,25,25,1346059
2025-05-01,4,True,26.102700037881732,3566,193,51105,9,25,25,1346059
2025-05-11,4,False,24.96780001092702,4294,232,61648,9,25,25,1620821
2025-05-11,4,True,28.889299952425063,4294,232,61648,9,25,25,1620821
2025-05-23,4,False,31.247800041455775,5092,276,73562,9,25,25,1922473
2025-05-23,4,True,36.507500044535846,5092,276,73562,9,25,25,1922473
2025-06-03,4,False,29.916000028606504,5625,307,82448,9,25,25,2123760
2025-06-03,4,True,36.763799958862364,5625,307,82448,9,25,25,2123760
2025-06-14,4,False,34.07399996649474,5959,326,88074,9,25,25,2250551
2025-06-14,4,True,38.11419999692589,5959,326,88074,9,25,25,2250551
2025-06-25,4,False,33.0614999984391,5968,324,87605,9,25,25,2254112
2025-06-25,4,True,38.50830002920702,5968,324,87605,9,25,25,2254112
2025-07-05,4,False,33.467100001871586,6009,326,87999,9,25,25,2269691
2025-07-05,4,True,37.41010004887357,6009,326,87999,9,25,25,2269691
2025-07-22,4,False,30.853800009936094,5532,299,80545,9,25,25,2089638
2025-07-22,4,True,34.775500011164695,5532,299,80545,9,25,25,2089638
2025-08-01,4,False,31.709600007161498,5611,302,81343,9,27,27,2119344
2025-08-01,4,True,36.32410004502162,5611,302,81343,9,27,27,2119344
2025-08-12,4,False,33.3831999450922,5637,304,81752,9,27,27,2128903
2025-08-12,4,True,37.89630002574995,5637,304,81752,9,27,27,2128903
2025-08-22,4,False,31.05309995589778,5649,304,81563,9,27,27,2133661
2025-08-22,4,True,35.38759995717555,5649,304,81563,9,27,27,2133661
2025-09-02,4,False,31.34299995144829,5727,304,82140,9,27,27,2163183
2025-09-02,4,True,36.105800012592226,5727,304,82140,9,27,27,2163183
2025-09-12,4,False,29.354300000704825,5511,292,78886,9,27,27,2081394
2025-09-12,4,True,34.5994999515824,5511,292,78886,9,27,27,2081394
2025-09-21,4,False,30.42329999152571,5553,292,78986,9,27,27,2097277
2025-09-21,4,True,34.30240001762286,5553,292,78986,9,27,27,2097277
2025-09-30,4,False,29.718699981458485,5387,282,76263,9,27,27,2034598
2025-09-30,4,True,35.076199972536415,5387,282,76263,9,27,27,2034598
