model,x_cm,z_cm,combined,n,fallback_pct,period
weekly_w84_h14,2.6601858148892243,2.3604964037709295,2.5148093209976516,32713.0,0.0,development_2020_2024
weekly_w56_h14,2.661017626071728,2.3608211676887194,2.5154016967545703,32713.0,0.0,development_2020_2024
weekly_w56_h28,2.6677128015150777,2.363386529094865,2.5201475628695333,32713.0,0.0,development_2020_2024
weekly_w56_h28_huber,2.667252886837135,2.364346717816666,2.5203544755045337,32713.0,0.0,development_2020_2024
weekly_w28_h14,2.6669801196450647,2.3661847857054483,2.521072529568114,32713.0,1.2166417020756275,development_2020_2024
weekly_w28_h28,2.668536601897801,2.366401661590768,2.5219976625333946,32713.0,1.2166417020756275,development_2020_2024
weekly_w84_h28_huber,2.6697632196502536,2.36561148343034,2.5222760891241447,32713.0,0.0,development_2020_2024
weekly_w84_h28,2.671128346526087,2.364877717958043,2.5226546795498614,32713.0,0.0,development_2020_2024
weekly_w28_h28_huber,2.6694682608557803,2.367440509421884,2.5229779390006697,32713.0,1.2166417020756275,development_2020_2024
weekly_w28_hflat,2.671274004567639,2.367592333895297,2.524004582701724,32713.0,1.2166417020756275,development_2020_2024
weekly_w56_hflat,2.6822667879936155,2.3695517493688647,2.53074402250708,32713.0,0.0,development_2020_2024
monthly_w56_h14,2.688980410264228,2.3748440191468836,2.536779430898802,32713.0,0.0,development_2020_2024
monthly_w84_h14,2.6897766077683003,2.375774103696129,2.5376367738006445,32713.0,0.0,development_2020_2024
monthly_w56_h28_huber,2.6925838207942476,2.374408072372629,2.5384858997196784,32713.0,0.0,development_2020_2024
monthly_w28_h28,2.6904707937700065,2.3776413149583813,2.5388788189598994,32713.0,0.0,development_2020_2024
monthly_w28_h14,2.689994023228854,2.378496391975635,2.539026676863407,32713.0,0.0,development_2020_2024
monthly_w28_h28_huber,2.691558612539375,2.3771884264058185,2.5392432513814676,32713.0,0.0,development_2020_2024
monthly_w56_h28,2.694344272208553,2.374173815275561,2.539310178210133,32713.0,0.0,development_2020_2024
monthly_w28_hflat,2.691919028225666,2.3781522411741105,2.539885443944752,32713.0,0.0,development_2020_2024
ewma_w2_h0.5,2.6941946948978415,2.3773936217818608,2.5407366536995473,32713.0,0.0,development_2020_2024
precision_h0.5_q1,2.693258467221937,2.3785062075339614,2.540761003178009,32713.0,0.0,development_2020_2024
precision_h0.5_q2,2.693302605701048,2.3785645000378497,2.540811681994197,32713.0,0.0,development_2020_2024
precision_h1_q2,2.6928069127540413,2.3798018780167753,2.5411282974289318,32713.0,0.0,development_2020_2024
ema_a0.9,2.6940495487839744,2.3784057652129573,2.541133305761562,32713.0,0.0,development_2020_2024
ema_a0.75,2.694510720812724,2.3781119768905215,2.541240307330738,32713.0,0.0,development_2020_2024
precision_h1_q1,2.692719809437229,2.3801803620953432,2.541259385446514,32713.0,0.0,development_2020_2024
ewma_w3_h0.5,2.694505796122888,2.378263770316705,2.541308722542469,32713.0,0.0,development_2020_2024
precision_h0.5_q0.25,2.694690980261496,2.3781939823113363,2.54137424404637,32713.0,0.0,development_2020_2024
ewma_w6_h0.5,2.6942347051260276,2.3787143847342698,2.541375884284659,32713.0,0.0,development_2020_2024
ewma_w6_h0.25,2.695641417621678,2.379201478551629,2.542349536151517,32713.0,0.0,development_2020_2024
ewma_w3_h0.25,2.6956535200217835,2.379196626098992,2.5423536816940575,32713.0,0.0,development_2020_2024
ewma_w2_h0.25,2.695728593777254,2.3791708166846224,2.542381405913761,32713.0,0.0,development_2020_2024
adaptive_q1,2.6935939037285443,2.382623865631521,2.5428669453277015,32713.0,0.0,development_2020_2024
kalman_q1,2.6935939037285443,2.382623865631521,2.5428669453277015,32713.0,0.0,development_2020_2024
monthly_w84_h28_huber,2.6972055418735064,2.378878956438682,2.543028000681466,32713.0,0.0,development_2020_2024
adaptive_q2,2.6959561549282944,2.3810967544359367,2.543403363928056,32713.0,0.0,development_2020_2024
kalman_q2,2.6959561549282944,2.3810967544359367,2.543403363928056,32713.0,0.0,development_2020_2024
ewma_w2_h1,2.700557619407954,2.3776129248107982,2.5442144834869675,32713.0,0.0,development_2020_2024
kalman_q4,2.697942922037464,2.380670941750802,2.5442572731023785,32713.0,0.0,development_2020_2024
weekly_w84_hflat,2.7016388023920137,2.376596488842812,2.5443135704321254,32713.0,0.0,development_2020_2024
monthly_w84_h28,2.700295726134639,2.3788029924196405,2.5446316713156776,32713.0,0.0,development_2020_2024
last_month,2.698877688244469,2.3805204001651616,2.5446825098336245,32713.0,0.0,development_2020_2024
precision_h2_q2,2.6963191330430214,2.383757892672142,2.544841700193806,32713.0,0.0,development_2020_2024
precision_h2_q1,2.6961674022728404,2.3847941956380243,2.545246748021446,32713.0,0.0,development_2020_2024
precision_h1_q0.25,2.6987893447004403,2.3839810960214356,2.5462550729705185,32713.0,0.0,development_2020_2024
adaptive_q0.5,2.696765226027676,2.387180988747869,2.5466817387878837,32713.0,0.0,development_2020_2024
kalman_q0.5,2.698860802661723,2.387413208482663,2.5479002590546362,32713.0,0.0,development_2020_2024
ewma_w3_h1,2.7050678062670603,2.381598235141337,2.548470324540862,32713.0,0.0,development_2020_2024
ewma_w2_h2,2.708095057469398,2.378644271884747,2.548698433755973,32713.0,0.0,development_2020_2024
monthly_w56_hflat,2.710543952145506,2.3765448633089394,2.5490207927587294,32713.0,0.0,development_2020_2024
ewma_w2_h3,2.711380989687547,2.3791647777298914,2.550687349601039,32713.0,0.0,development_2020_2024
ewma_w6_h1,2.70609275828338,2.385717578044831,2.550939667909244,32713.0,0.0,development_2020_2024
precision_h2_q0.25,2.707028233872963,2.3933230200256834,2.554994807937017,32713.0,0.0,development_2020_2024
ewma_w3_h2,2.7185269600804807,2.3861470966849483,2.557741855592783,32713.0,0.0,development_2020_2024
ema_a0.5,2.718674876740166,2.3865533250533435,2.5580099549006183,32713.0,0.0,development_2020_2024
ewma_w3_h3,2.724601868377337,2.3882098355111148,2.561933016259139,32713.0,0.0,development_2020_2024
kalman_q0.25,2.716058064548449,2.398932122352177,2.562405777550834,32713.0,0.0,development_2020_2024
trend_d0.25,2.7236456397341953,2.3905951549195747,2.5625369036921244,32713.0,0.0,development_2020_2024
ewma_w6_h2,2.724169091592522,2.3967677257797058,2.5656960820532944,32713.0,0.0,development_2020_2024
monthly_w84_hflat,2.7314641741214016,2.3907613386919233,2.5667719330993073,32713.0,0.0,development_2020_2024
ewma_w6_h3,2.732888430347978,2.4020647292217725,2.5727994612970813,32713.0,0.0,development_2020_2024
season_to_date,2.7570286737370937,2.415096988215478,2.591707986087166,32713.0,0.0,development_2020_2024
trend_d0.5,2.7664453326531664,2.4071090086645057,2.5930092130719773,32713.0,0.0,development_2020_2024
uncorrected,5.894697060321756,3.8206834179294735,4.9671458209422035,32713.0,0.0,development_2020_2024
weekly_w84_h14,3.125398320353083,3.534038377185788,3.33598125836221,8764.0,0.0,confirmation_2025
weekly_w56_h14,3.1292646987850135,3.540103383278199,3.341005052327803,8764.0,0.0,confirmation_2025
weekly_w28_h14,3.135822674911627,3.5445472947326553,3.3464308877583666,8764.0,0.6732085805568234,confirmation_2025
weekly_w28_h28,3.169604783754842,3.5575752931913156,3.3691791620457683,8764.0,0.6732085805568234,confirmation_2025
weekly_w84_h28,3.177864445385047,3.5635572218255187,3.3762229270641493,8764.0,0.0,confirmation_2025
weekly_w28_h28_huber,3.1875789065114395,3.5569381697424105,3.377311684506418,8764.0,0.6732085805568234,confirmation_2025
weekly_w56_h28,3.17830592444663,3.5692720447981685,3.3794475494635394,8764.0,0.0,confirmation_2025
weekly_w84_h28_huber,3.196684269724352,3.5706578668678355,3.388833716968736,8764.0,0.0,confirmation_2025
monthly_w28_h14,3.195771592555277,3.5749335117621803,3.3906566978465666,8764.0,0.0,confirmation_2025
weekly_w56_h28_huber,3.198008209403925,3.574702163505829,3.391589012925074,8764.0,0.0,confirmation_2025
weekly_w28_hflat,3.2060484606236797,3.5750032171439647,3.395540806297074,8764.0,0.6732085805568234,confirmation_2025
monthly_w84_h14,3.220209888288201,3.5775851992852035,3.4035913079256193,8764.0,0.0,confirmation_2025
monthly_w56_h14,3.2205869318463236,3.580012620342263,3.4050455611775003,8764.0,0.0,confirmation_2025
monthly_w28_h28,3.231928602025181,3.594521765913888,3.4180366597081098,8764.0,0.0,confirmation_2025
monthly_w28_h28_huber,3.263446144388623,3.5935216816020388,3.432453846264281,8764.0,0.0,confirmation_2025
weekly_w56_hflat,3.2454399842235637,3.614242328345319,3.434794629901476,8764.0,0.0,confirmation_2025
monthly_w56_h28,3.2716112480409985,3.6109316553007123,3.4454511734721422,8764.0,0.0,confirmation_2025
monthly_w84_h28,3.2810142913804543,3.607980206809793,3.4483746862089983,8764.0,0.0,confirmation_2025
monthly_w28_hflat,3.2707730328129765,3.61965940588775,3.449629722652002,8764.0,0.0,confirmation_2025
weekly_w84_hflat,3.2748977518848514,3.6240569522351134,3.4538923027755306,8764.0,0.0,confirmation_2025
ema_a0.9,3.28380478209559,3.61697064975801,3.4544066442823977,8764.0,0.0,confirmation_2025
ewma_w6_h0.25,3.285058041030767,3.61952954298759,3.456342029190749,8764.0,0.0,confirmation_2025
ewma_w3_h0.25,3.2850610723615135,3.6195564729165532,3.456357570461793,8764.0,0.0,confirmation_2025
ema_a0.75,3.2876648559036963,3.617663815897047,3.4566046700190536,8764.0,0.0,confirmation_2025
ewma_w2_h0.25,3.285540800991778,3.620327279830995,3.4569891501182197,8764.0,0.0,confirmation_2025
precision_h0.5_q2,3.2876381703302604,3.6191414641426243,3.4573653029792006,8764.0,0.0,confirmation_2025
ewma_w6_h0.5,3.287043442496756,3.621416703774297,3.458273668699198,8764.0,0.0,confirmation_2025
ewma_w3_h0.5,3.2874061672930637,3.6226083263809286,3.459069990266235,8764.0,0.0,confirmation_2025
last_month,3.29020202085189,3.6212025716760894,3.4596630907598054,8764.0,0.0,confirmation_2025
precision_h1_q2,3.293908132055509,3.620306365367808,3.460957162516179,8764.0,0.0,confirmation_2025
ewma_w2_h0.5,3.287490068106507,3.629098848752772,3.4625098846008817,8764.0,0.0,confirmation_2025
precision_h0.5_q1,3.2963011324585896,3.622145063290071,3.463057609639523,8764.0,0.0,confirmation_2025
kalman_q4,3.3017128400738476,3.623049862058054,3.4661071810654813,8764.0,0.0,confirmation_2025
precision_h1_q1,3.3064336529136518,3.6248024718442142,3.4692720029573816,8764.0,0.0,confirmation_2025
precision_h2_q2,3.3061195259625458,3.625807884330462,3.4696476142415205,8764.0,0.0,confirmation_2025
monthly_w56_h28_huber,3.307226933354284,3.6252937245816264,3.469906668643618,8764.0,0.0,confirmation_2025
monthly_w84_h28_huber,3.313503329154311,3.62190247884942,3.4711296344714837,8764.0,0.0,confirmation_2025
adaptive_q2,3.3180617721879035,3.6277069102874973,3.4763336542255545,8764.0,0.0,confirmation_2025
kalman_q2,3.3180617721879035,3.6277069102874973,3.4763336542255545,8764.0,0.0,confirmation_2025
precision_h0.5_q0.25,3.3125981345773776,3.6351694214434405,3.4776258513390252,8764.0,0.0,confirmation_2025
precision_h2_q1,3.319841544501391,3.631410023427075,3.4791153070029175,8764.0,0.0,confirmation_2025
ewma_w6_h1,3.3205855294761717,3.6379730380153372,3.4828965017563394,8764.0,0.0,confirmation_2025
ewma_w2_h1,3.306305984135982,3.651378395766427,3.483118103783104,8764.0,0.0,confirmation_2025
adaptive_q0.5,3.3359245763209278,3.626099632304743,3.4840343943697336,8764.0,0.0,confirmation_2025
kalman_q1,3.3300923623033105,3.632532164785163,3.4845950316837127,8764.0,0.0,confirmation_2025
ewma_w3_h1,3.3230135754754637,3.641980414741729,3.486146910570219,8764.0,0.0,confirmation_2025
kalman_q0.5,3.3372735102396964,3.631154561510042,3.4873111369451086,8764.0,0.0,confirmation_2025
adaptive_q1,3.3427479542452305,3.627136000868225,3.4878417004219826,8764.0,0.0,confirmation_2025
trend_d0.25,3.325831045858016,3.646367119874513,3.4897811764131412,8764.0,0.0,confirmation_2025
precision_h1_q0.25,3.3330928305844667,3.6456058356213994,3.4928462409624026,8764.0,0.0,confirmation_2025
monthly_w56_hflat,3.329623264100435,3.656087130064312,3.4966672835330455,8764.0,0.0,confirmation_2025
kalman_q0.25,3.3624374052395396,3.626814534807053,3.4971251746285623,8764.0,0.0,confirmation_2025
ema_a0.5,3.347046296129193,3.6504375559218643,3.502028930357154,8764.0,0.0,confirmation_2025
ewma_w2_h2,3.32564586316197,3.671418273171005,3.502801203589799,8764.0,0.0,confirmation_2025
precision_h2_q0.25,3.3524231541281706,3.6585211423682895,3.5088116188740064,8764.0,0.0,confirmation_2025
ewma_w2_h3,3.333798203052936,3.6795703603460495,3.510943498222105,8764.0,0.0,confirmation_2025
ewma_w6_h2,3.365886196605215,3.664725827323626,3.5184801603782248,8764.0,0.0,confirmation_2025
ewma_w3_h2,3.366952242365704,3.6658420345035116,3.5195713676742146,8764.0,0.0,confirmation_2025
monthly_w84_hflat,3.3816586398468873,3.660111287255454,3.5236366009810003,8764.0,0.0,confirmation_2025
ewma_w3_h3,3.3866305670212555,3.676752598317673,3.5346694517817694,8764.0,0.0,confirmation_2025
ewma_w6_h3,3.3897067023925014,3.679551156799345,3.5375986377589563,8764.0,0.0,confirmation_2025
trend_d0.5,3.3958827378195484,3.6994189892908,3.5508956917477987,8764.0,0.0,confirmation_2025
season_to_date,3.435420483063695,3.679137060989701,3.559365351365432,8764.0,0.0,confirmation_2025
uncorrected,6.719530778678674,5.698704514111483,6.23006127677588,8764.0,0.0,confirmation_2025
weekly_w84_h14,2.765013957654225,2.6520921194884255,2.7091414503745725,41477.0,0.0,all
weekly_w56_h14,2.7665688065540106,2.6540285625144246,2.7108827503269177,41477.0,0.0,all
weekly_w28_h14,2.77265937624696,2.659044313000807,2.71644590183498,41477.0,1.101815463992092,all
weekly_w28_h28,2.7819415139101777,2.6628700317367944,2.723056682548012,41477.0,1.101815463992092,all
weekly_w56_h28,2.7834155791851147,2.664065157516651,2.7243940105961757,41477.0,0.0,all
weekly_w84_h28,2.7858914884696073,2.6634922546262523,2.7253790906937554,41477.0,0.0,all
weekly_w28_h28_huber,2.7869813175780993,2.6634184169471506,2.725900083299333,41477.0,1.101815463992092,all
weekly_w56_h28_huber,2.787832853408093,2.6662746084685884,2.727730953219712,41477.0,0.0,all
weekly_w84_h28_huber,2.7894067319351654,2.6660143391318614,2.7284081780978,41477.0,0.0,all
weekly_w28_hflat,2.7928162736759266,2.6686303655558037,2.731429183273437,41477.0,1.101815463992092,all
monthly_w28_h14,2.8044746140169394,2.676247249446289,2.741110833296812,41477.0,0.0,all
monthly_w56_h14,2.809701302531696,2.6751234411728553,2.7432377617480417,41477.0,0.0,all
monthly_w84_h14,2.8102110133778364,2.6750886139820422,2.743481823556195,41477.0,0.0,all
weekly_w56_hflat,2.8106824905963808,2.6811407687229187,2.746675434471026,41477.0,0.0,all
monthly_w28_h28,2.8135756694392624,2.6811873959836285,2.7481788424374844,41477.0,0.0,all
monthly_w28_h28_huber,2.822070545169548,2.6805873440024066,2.7522382410266943,41477.0,0.0,all
monthly_w56_h28,2.8261617117568902,2.6834221571531534,2.755716285696073,41477.0,0.0,all
monthly_w28_hflat,2.8241332229105987,2.6886800885224593,2.7572385713939,41477.0,0.0,all
ema_a0.9,2.828926882932944,2.6880923312340657,2.759408241835566,41477.0,0.0,all
precision_h0.5_q2,2.82930668475327,2.6888203822838506,2.7599575508125676,41477.0,0.0,all
ema_a0.75,2.830220332801099,2.6880844217677984,2.760067480221406,41477.0,0.0,all
monthly_w84_h28,2.832936831343334,2.6858156727842992,2.760356581907072,41477.0,0.0,all
ewma_w6_h0.5,2.8298605535985386,2.6895721496986713,2.7606076415571774,41477.0,0.0,all
ewma_w3_h0.5,2.830153141619935,2.6895969342933745,2.760769681989201,41477.0,0.0,all
ewma_w6_h0.25,2.830429937043395,2.689375179740201,2.760803550229001,41477.0,0.0,all
ewma_w3_h0.25,2.8304397710766844,2.689379452299617,2.760810672261322,41477.0,0.0,all
ewma_w2_h0.25,2.8306138131225413,2.6895806617417297,2.760997889808612,41477.0,0.0,all
precision_h1_q2,2.8304752286672232,2.6900150132644938,2.761138423883086,41477.0,0.0,all
ewma_w2_h0.5,2.8299401336683094,2.690838744836436,2.7612654989025898,41477.0,0.0,all
precision_h0.5_q1,2.8314025622979218,2.689634185371716,2.7614283007990097,41477.0,0.0,all
weekly_w84_hflat,2.832451297745927,2.688846820650311,2.7615826602714493,41477.0,0.0,all
monthly_w56_h28_huber,2.8335877577965474,2.6876739762179542,2.761594737065315,41477.0,0.0,all
last_month,2.8341223714056945,2.690771217501908,2.763376499957881,41477.0,0.0,all
precision_h1_q1,2.8334940635121093,2.6915580358008007,2.763437467000314,41477.0,0.0,all
kalman_q4,2.836248177970757,2.6914016219728794,2.764773627062502,41477.0,0.0,all
monthly_w84_h28_huber,2.838599403205885,2.689825152759038,2.7652130048421215,41477.0,0.0,all
precision_h0.5_q0.25,2.8364918121377136,2.693126986449338,2.7657384877701277,41477.0,0.0,all
precision_h2_q2,2.8361149619458996,2.694339798142598,2.766135844931381,41477.0,0.0,all
adaptive_q2,2.8387884093271625,2.6930237280540963,2.766866136334809,41477.0,0.0,all
kalman_q2,2.8387884093271625,2.6930237280540963,2.766866136334809,41477.0,0.0,all
kalman_q1,2.8399961534342233,2.6954622400417274,2.768672501309242,41477.0,0.0,all
precision_h2_q1,2.8393862514060975,2.696656255848,2.7689410653603774,41477.0,0.0,all
ewma_w2_h1,2.8393396825221653,2.6973522793307056,2.7692561412368146,41477.0,0.0,all
adaptive_q1,2.843135942530873,2.693926359506994,2.7695361721917915,41477.0,0.0,all
adaptive_q0.5,2.8438135370099538,2.6968119314208963,2.7712876092833785,41477.0,0.0,all
kalman_q0.5,2.845715250677664,2.6984107381779823,2.7730412726692046,41477.0,0.0,all
ewma_w3_h1,2.8468371979080023,2.697440569421277,2.773145114932905,41477.0,0.0,all
precision_h1_q0.25,2.844626282976896,2.70013416503922,2.7733214021291324,41477.0,0.0,all
ewma_w6_h1,2.8470068278548566,2.699168394663215,2.774072628879872,41477.0,0.0,all
monthly_w56_hflat,2.852571379900033,2.6979575661088115,2.7763409828359125,41477.0,0.0,all
ewma_w2_h2,2.8497551577490903,2.703809479802975,2.777741003242561,41477.0,0.0,all
ewma_w2_h3,2.854228628151931,2.7065108739546315,2.781350586729109,41477.0,0.0,all
precision_h2_q0.25,2.8555791960905164,2.7103240497740626,2.783899154057905,41477.0,0.0,all
ema_a0.5,2.8629635366326673,2.7033037869473557,2.7842783245045872,41477.0,0.0,all
trend_d0.25,2.861465326828998,2.7049591797829877,2.784312121596359,41477.0,0.0,all
kalman_q0.25,2.8648147428556268,2.7052261620436813,2.7861633206515855,41477.0,0.0,all
ewma_w3_h2,2.8677805935350738,2.707422431509529,2.7887543595033026,41477.0,0.0,all
ewma_w6_h2,2.8717361868386932,2.714492851668547,2.79422083670551,41477.0,0.0,all
ewma_w3_h3,2.8772081035192554,2.711979170132678,2.795814504772303,41477.0,0.0,all
monthly_w84_hflat,2.8811015159293767,2.7089942213162685,2.796372260287915,41477.0,0.0,all
ewma_w6_h3,2.8841634998279546,2.722411833410681,2.8044540720463176,41477.0,0.0,all
trend_d0.5,2.9108077484457713,2.7315995879078248,2.8226262644096316,41477.0,0.0,all
season_to_date,2.9135630397260055,2.731372523506573,2.823937450495682,41477.0,0.0,all
uncorrected,6.078316490503878,4.2866213064483185,5.259327598829915,41477.0,0.0,all
