model,x_cm,z_cm,combined,n,fallback_pct,season
daily_w84_h7,3.005768310397277,2.411672505127583,2.7249593949063584,5700.0,0.0,2020
daily_w56_h7,3.0061228678925405,2.4119045773838446,2.725257638029074,5700.0,0.0,2020
daily_w56_h14,3.0103004394705004,2.4117500099219233,2.7274939822330206,5700.0,0.0,2020
daily_w84_h14,3.0122957428503176,2.409974554830747,2.7278107519882866,5700.0,0.0,2020
daily_w84_h3.5,3.013494454821813,2.4190045340790896,2.7324651658472257,5700.0,0.0,2020
daily_w56_h28,3.0225676801513806,2.413069862981841,2.7348511426334428,5700.0,0.0,2020
weekly_w84_h14_huber,3.026502278316578,2.4140236397434265,2.737446453713345,5700.0,0.0,2020
weekly_w112_h10,3.026271815400983,2.415400413496546,2.737926246103942,5700.0,0.0,2020
weekly_w84_h10,3.026310626952443,2.4154965107171438,2.737990084358596,5700.0,0.0,2020
weekly_w56_h10,3.026451827088517,2.4165185333665558,2.7385189869518407,5700.0,0.0,2020
weekly_w56_h14,3.0281424931715173,2.4153157681281567,2.7389228921895117,5700.0,0.0,2020
fortnightly_w84_h7,3.0290554155583314,2.414853251705562,2.7392236982214673,5700.0,0.0,2020
weekly_w84_h14,3.030714982826824,2.413216800358711,2.7394204343861253,5700.0,0.0,2020
weekly_w112_h14,3.0313166871632173,2.41292272518036,2.739623782161156,5700.0,0.0,2020
weekly_w112_h7,3.029547612065297,2.418271284792446,2.7410029861915737,5700.0,0.0,2020
weekly_w84_h7,3.02957461085146,2.418284422222584,2.7410237019661277,5700.0,0.0,2020
fortnightly_w84_h14,3.0359556966660146,2.410450657624692,2.741103734352472,5700.0,0.0,2020
weekly_w56_h28_huber,3.032458112245124,2.415291560567472,2.741298554067918,5700.0,0.0,2020
weekly_w56_h7,3.029975874298868,2.418578730027829,2.7413752818773474,5700.0,0.0,2020
weekly_w56_h21,3.0343480187112855,2.414605851554411,2.7420420599452795,5700.0,0.0,2020
daily_w84_h28,3.039339883068852,2.408934048982922,2.742311996943659,5700.0,0.0,2020
weekly_w56_h28,3.0398340173906098,2.414420486918488,2.744997007369666,5700.0,0.0,2020
weekly_w28_h28_huber,3.03481146111866,2.4212924029628935,2.745244752766409,5700.0,0.0,2020
weekly_w84_h28_huber,3.0444557157911434,2.4118284185354293,2.746418297152536,5700.0,0.0,2020
weekly_w84_h21,3.0450266000132022,2.4111904940836952,2.7464546777206733,5700.0,0.0,2020
weekly_w28_h28,3.037682345688977,2.420854723272016,2.7466390028996273,5700.0,0.0,2020
weekly_w28_h14,3.0379019550442066,2.4209234761272325,2.7467907424597686,5700.0,0.0,2020
weekly_w28_hflat,3.0383670676837697,2.4211942080316833,2.7471672529163054,5700.0,0.0,2020
weekly_w112_h21,3.049221983544616,2.410637651936368,2.748538574757961,5700.0,0.0,2020
weekly_w28_h7,3.040985938099185,2.4220651574943806,2.748999372759592,5700.0,0.0,2020
weekly_w84_h28,3.0586152411819105,2.410268490738158,2.7535905097740545,5700.0,0.0,2020
weekly_w84_h3.5,3.0535047005572227,2.4264625317379998,2.7578625214333505,5700.0,0.0,2020
fortnightly_w84_h28,3.0680977987729254,2.4081459697426064,2.757933203906761,5700.0,0.0,2020
precision_h0.5_q0.25,3.0634120184363627,2.419493828659018,2.760293787046899,5700.0,0.0,2020
precision_h0.5_q1,3.063859757325094,2.4211609576627655,2.7612729850077,5700.0,0.0,2020
weekly_w56_hflat,3.069103974884708,2.414851172127522,2.7614222234365737,5700.0,0.0,2020
precision_h0.5_q2,3.0659238759747343,2.421402659179115,2.7625242126677936,5700.0,0.0,2020
adaptive_q1,3.061149856747384,2.427941410572637,2.7627466350208425,5700.0,0.0,2020
kalman_q1,3.061149856747384,2.427941410572637,2.7627466350208425,5700.0,0.0,2020
adaptive_q2,3.0618160918651434,2.427435623324076,2.762893545342191,5700.0,0.0,2020
kalman_q2,3.0618160918651434,2.427435623324076,2.762893545342191,5700.0,0.0,2020
ewma_w2_h0.25,3.0647322532282573,2.424207553563434,2.763093017501543,5700.0,0.0,2020
ewma_w6_h0.25,3.0648754566136143,2.4241216919210324,2.763134772481665,5700.0,0.0,2020
ewma_w3_h0.25,3.0648971626959756,2.4241288951013718,2.7631499704112366,5700.0,0.0,2020
kalman_q4,3.0629975093468786,2.427130418939277,2.7634141756896966,5700.0,0.0,2020
monthly_w56_h14,3.0666518040340374,2.422715504407601,2.7635035464498863,5700.0,0.0,2020
last_month,3.0633144394314558,2.426985548667406,2.7635262083314576,5700.0,0.0,2020
ema_a0.9,3.0679260144275156,2.4225670486727617,2.7641455402453174,5700.0,0.0,2020
monthly_w56_h28_huber,3.0720852842861355,2.4177681547361014,2.7643544313260047,5700.0,0.0,2020
precision_h1_q1,3.0733534861965532,2.416759347638759,2.764618182997051,5700.0,0.0,2020
adaptive_q0.5,3.064702570674716,2.428102343712762,2.764785962623836,5700.0,0.0,2020
monthly_w28_h14,3.0577737999207755,2.437030971175368,2.764877986995981,5700.0,0.0,2020
monthly_w84_h14,3.071245181104332,2.4221747459569754,2.765816105818346,5700.0,0.0,2020
precision_h1_q0.25,3.0772555136120747,2.4147827174595,2.765924535177795,5700.0,0.0,2020
monthly_w28_h28,3.0598626979438093,2.437487833446999,2.766234504563027,5700.0,0.0,2020
monthly_w28_h28_huber,3.0593776449768106,2.4403606175433077,2.7672325090458347,5700.0,0.0,2020
precision_h1_q2,3.0780125321002894,2.4170846481851993,2.767350659408652,5700.0,0.0,2020
monthly_w28_hflat,3.063446801904799,2.437735012441816,2.768326055487814,5700.0,0.0,2020
ewma_w2_h0.5,3.0811496291817373,2.4183564262642547,2.769650775987866,5700.0,0.0,2020
kalman_q0.5,3.0764450796703198,2.427177863264766,2.7708939629792977,5700.0,0.0,2020
precision_h2_q1,3.0875388555052328,2.4142318622243693,2.7714086372126636,5700.0,0.0,2020
ewma_w6_h0.5,3.08569654676874,2.4175707308800747,2.771837965822366,5700.0,0.0,2020
ewma_w3_h0.5,3.0859403962467846,2.417815911030088,2.77208061830983,5700.0,0.0,2020
monthly_w84_h28_huber,3.0878328334129588,2.4179059795483413,2.7731733567376136,5700.0,0.0,2020
monthly_w56_h28,3.0893473077140943,2.4162938579860884,2.7733141542044617,5700.0,0.0,2020
precision_h2_q0.25,3.093993567358429,2.412701321789677,2.7743399091514536,5700.0,0.0,2020
precision_h2_q2,3.095224766195629,2.4145303278124706,2.7758217753664396,5700.0,0.0,2020
ema_a0.75,3.094035854905048,2.417654600383939,2.7765186509544315,5700.0,0.0,2020
trend_d0.25,3.078641692061104,2.44100337071095,2.7781767513892164,5700.0,0.0,2020
monthly_w84_h28,3.1114178330202176,2.4162791569533013,2.7856171574682675,5700.0,0.0,2020
ewma_w2_h1,3.1132846700574204,2.413894115407205,2.7856261627515697,5700.0,0.0,2020
kalman_q0.25,3.1138129335687417,2.4235424004973267,2.790106516987149,5700.0,0.0,2020
ewma_w3_h1,3.1355561726900616,2.4135641935309464,2.797946088507553,5700.0,0.0,2020
weekly_w84_hflat,3.139733880700473,2.408780063382682,2.7982271383295827,5700.0,0.0,2020
ewma_w2_h2,3.14044722566427,2.41169335822243,2.7998815717166137,5700.0,0.0,2020
ewma_w6_h1,3.139591449398041,2.412860471737836,2.7999044738355114,5700.0,0.0,2020
monthly_w56_hflat,3.1435210096896165,2.409478382656703,2.8006526395511804,5700.0,0.0,2020
ewma_w2_h3,3.1512782468969065,2.4110142971413238,2.8056678821971706,5700.0,0.0,2020
trend_d0.5,3.119457444050531,2.4585536044891385,2.8085138927365847,5700.0,0.0,2020
ewma_w3_h2,3.1831478826310535,2.412333992018078,2.8241623299435568,5700.0,0.0,2020
ewma_w6_h2,3.198777553085122,2.4116854337124463,2.8327022845069716,5700.0,0.0,2020
ewma_w3_h3,3.2030888261360855,2.4121963068545083,2.835354391510907,5700.0,0.0,2020
ema_a0.5,3.2050611330759753,2.4144437774835854,2.837424503082281,5700.0,0.0,2020
monthly_w84_hflat,3.2158355480564556,2.4131314800577472,2.842956367251286,5700.0,0.0,2020
ewma_w6_h3,3.2255847156310793,2.4117191025967,2.8478751541757115,5700.0,0.0,2020
season_to_date,3.271051881991758,2.4131832314298847,2.874302847921231,5700.0,0.0,2020
uncorrected,6.227549950049567,3.922769017295215,5.204348909489718,5700.0,0.0,2020
daily_w84_h28,2.874824490033553,2.3083453614214102,2.607016892550988,4282.0,0.0,2021
precision_h2_q0.25,2.876630524499824,2.3097348359943566,2.6086278181344698,4282.0,0.0,2021
weekly_w84_h28,2.8778314438051766,2.3087861657308353,2.6088701939751506,4282.0,0.0,2021
weekly_w112_h21,2.8776276531671487,2.3090758607450907,2.6088859922338457,4282.0,0.0,2021
weekly_w84_hflat,2.875837983805473,2.311481838652865,2.608964583845511,4282.0,0.0,2021
ema_a0.5,2.8769481695628727,2.310170869092686,2.608995996044802,4282.0,0.0,2021
ewma_w3_h3,2.8778064311507703,2.3100328202946474,2.609408121204038,4282.0,0.0,2021
weekly_w84_h28_huber,2.878496875430718,2.3092417884304846,2.6094388189127975,4282.0,0.0,2021
ewma_w6_h2,2.87752506652313,2.310460989423149,2.6094425163351596,4282.0,0.0,2021
daily_w84_h14,2.87817550967237,2.3101351981898266,2.609656960061356,4282.0,0.0,2021
weekly_w84_h21,2.879107491246942,2.309123239873115,2.6097231733534856,4282.0,0.0,2021
ewma_w3_h2,2.878399280802538,2.3102360024399617,2.6098249756156395,4282.0,0.0,2021
ewma_w6_h3,2.8786780742968583,2.3106812160704333,2.610175773558,4282.0,0.0,2021
ewma_w6_h1,2.8785681799222855,2.3109362833396236,2.610228081233195,4282.0,0.0,2021
daily_w56_h28,2.8800518453122734,2.310058046401308,2.6106576575098903,4282.0,0.0,2021
monthly_w84_h28_huber,2.878398030228832,2.312180064910359,2.6106849554277987,4282.0,0.0,2021
monthly_w84_h28,2.87915784525152,2.3112465110998084,2.6106905535647473,4282.0,0.0,2021
precision_h1_q0.25,2.8794109446231557,2.311035345485662,2.610736654289326,4282.0,0.0,2021
monthly_w84_hflat,2.8784063952238466,2.312667912187875,2.610905613779342,4282.0,0.0,2021
precision_h2_q1,2.879531932252821,2.3114079117332267,2.6109682766443774,4282.0,0.0,2021
daily_w56_h14,2.8805853213209973,2.31142351209436,2.6115560922247694,4282.0,0.0,2021
precision_h2_q2,2.8806912941118066,2.3116803811711417,2.6117282129524035,4282.0,0.0,2021
weekly_w112_h14,2.8816066828768885,2.310784515788948,2.611836724721772,4282.0,0.0,2021
ewma_w3_h1,2.8812447065275006,2.311359327825231,2.6118913646261634,4282.0,0.0,2021
ema_a0.75,2.881420857074251,2.311177538339286,2.611908092688806,4282.0,0.0,2021
monthly_w56_h28_huber,2.879879245263288,2.313488835086087,2.612081072379476,4282.0,0.0,2021
weekly_w84_h14,2.8820707258917833,2.3108419222286924,2.6121181116645533,4282.0,0.0,2021
weekly_w84_h14_huber,2.882914944942093,2.3113373504351986,2.612802989825991,4282.0,0.0,2021
monthly_w84_h14,2.88010839228557,2.3153416346249522,2.613028055373834,4282.0,0.0,2021
kalman_q0.25,2.882578115101453,2.313320238519813,2.6134945107659218,4282.0,0.0,2021
weekly_w56_h28,2.884345181385378,2.311491933316529,2.613660467923142,4282.0,0.0,2021
weekly_w56_h21,2.8843207398359074,2.311637392226933,2.6137113041984277,4282.0,0.0,2021
weekly_w56_h28_huber,2.8845157279563742,2.3116214233817924,2.613811832349964,4282.0,0.0,2021
monthly_w56_h28,2.8822930607325725,2.3147588642693813,2.6139741666340948,4282.0,0.0,2021
monthly_w56_h14,2.8808740849345513,2.316846581459249,2.614116827464574,4282.0,0.0,2021
adaptive_q0.5,2.882921744718912,2.3143659160186356,2.614146837823185,4282.0,0.0,2021
kalman_q0.5,2.882921744718912,2.3143659160186356,2.614146837823185,4282.0,0.0,2021
precision_h1_q1,2.8843559261286673,2.3129202718838804,2.6142981173428717,4282.0,0.0,2021
season_to_date,2.884154069915862,2.3132034720542998,2.614312051203557,4282.0,0.0,2021
weekly_w56_h14,2.885201006422358,2.3126070736167885,2.6146258168620413,4282.0,0.0,2021
precision_h1_q2,2.8854443753559824,2.3131809929590266,2.6150139148253477,4282.0,0.0,2021
ewma_w2_h3,2.8848775926579573,2.3146223418549834,2.615338917811057,4282.0,0.0,2021
ewma_w2_h2,2.885004027512626,2.314504954413737,2.6153567082493554,4282.0,0.0,2021
weekly_w112_h10,2.885714468218242,2.3136518489370967,2.615371184953881,4282.0,0.0,2021
weekly_w84_h10,2.8858159416222158,2.31367405558026,2.6154369887636486,4282.0,0.0,2021
weekly_w56_hflat,2.886923112407015,2.3126294811969865,2.6155859930664915,4282.0,0.0,2021
ewma_w2_h1,2.8859547427113945,2.3143932821759208,2.615831707273943,4282.0,0.0,2021
ewma_w6_h0.5,2.8870279891185566,2.3137031817189,2.616118596609307,4282.0,0.0,2021
ewma_w3_h0.5,2.8878259900956245,2.3138889602836543,2.6166410787108676,4282.0,0.0,2021
fortnightly_w84_h28,2.888737451075167,2.312851735695342,2.6166856147188575,4282.0,0.0,2021
weekly_w56_h10,2.887363376406069,2.314629727297072,2.6167134006132935,4282.0,0.0,2021
monthly_w56_hflat,2.8877047740335007,2.3150958354856987,2.617107906588788,4282.0,0.0,2021
precision_h0.5_q0.25,2.8887606196042066,2.3139551235637468,2.61718610641687,4282.0,0.0,2021
daily_w84_h7,2.886255537223601,2.3171860479487507,2.6172334827984156,4282.0,0.0,2021
daily_w56_h7,2.886590789568566,2.3174333208287967,2.6175278014674137,4282.0,0.0,2021
monthly_w28_h28_huber,2.8871424501666594,2.317756391631837,2.6179750016477024,4282.0,0.0,2021
ewma_w2_h0.5,2.88942538157484,2.3149340219314873,2.6179857296769975,4282.0,0.0,2021
ema_a0.9,2.890716770324193,2.3142806404768628,2.6184096632421303,4282.0,0.0,2021
adaptive_q1,2.8897167306301577,2.316019851990128,2.618626618868775,4282.0,0.0,2021
kalman_q1,2.8897167306301577,2.316019851990128,2.618626618868775,4282.0,0.0,2021
monthly_w28_h14,2.886123577950729,2.321202199517243,2.6189395714913704,4282.0,0.0,2021
precision_h0.5_q1,2.8915878987065433,2.3151443713581257,2.6192722306183955,4282.0,0.0,2021
monthly_w28_h28,2.88916292676089,2.318731047013257,2.6195205750053527,4282.0,0.0,2021
precision_h0.5_q2,2.8920665935016316,2.315300923528246,2.61960565235866,4282.0,0.0,2021
weekly_w28_hflat,2.8921182543432495,2.3161486591318594,2.6200088366553036,4282.0,0.0,2021
weekly_w28_h28,2.892080584826902,2.3167902379191507,2.6202716572571427,4282.0,0.0,2021
weekly_w112_h7,2.8911882407705156,2.3181684009019006,2.620388728653612,4282.0,0.0,2021
weekly_w84_h7,2.891199680768991,2.318172435950524,2.6203968246125906,4282.0,0.0,2021
weekly_w56_h7,2.8916767784692694,2.3184930558679673,2.620801846882591,4282.0,0.0,2021
weekly_w28_h14,2.892720689800477,2.317915586695623,2.62112243669065,4282.0,0.0,2021
monthly_w28_hflat,2.893771212533248,2.316729603369913,2.621177968549318,4282.0,0.0,2021
weekly_w28_h28_huber,2.8938855227468774,2.3169597073550854,2.621342757469054,4282.0,0.0,2021
ewma_w6_h0.25,2.895550349952801,2.3164114816591312,2.6220196396550923,4282.0,0.0,2021
ewma_w3_h0.25,2.895564921284458,2.3164153548866055,2.6220293962623216,4282.0,0.0,2021
ewma_w2_h0.25,2.895673875508062,2.3164893403245035,2.622122237533648,4282.0,0.0,2021
adaptive_q2,2.8957163635656737,2.316990805171758,2.6223672177512136,4282.0,0.0,2021
kalman_q2,2.8957163635656737,2.316990805171758,2.6223672177512136,4282.0,0.0,2021
kalman_q4,2.898121074590288,2.3173163291916024,2.6238388605745597,4282.0,0.0,2021
last_month,2.8990549625768227,2.3174352984553424,2.6244071748271174,4282.0,0.0,2021
fortnightly_w84_h14,2.9000380454632246,2.316325633478595,2.624460430778503,4282.0,0.0,2021
weekly_w28_h7,2.895822030386775,2.321637832179592,2.624479706101853,4282.0,0.0,2021
daily_w84_h3.5,2.906557255798065,2.334746222449342,2.636201339472561,4282.0,0.0,2021
weekly_w84_h3.5,2.909179657009495,2.3328619120552836,2.6368135104208754,4282.0,0.0,2021
fortnightly_w84_h7,2.9188061443663837,2.32984835202121,2.6407974791534947,4282.0,0.0,2021
trend_d0.25,2.9225453198822566,2.3259648839947995,2.6411535158281336,4282.0,0.0,2021
trend_d0.5,2.9549091983163978,2.3381650842236015,2.6644421865915215,4282.0,0.0,2021
uncorrected,6.161500776568738,3.6073600462305744,5.048620520637188,4282.0,0.0,2021
daily_w84_h28,2.3154888768295225,2.099072126247371,2.20993128059561,6740.0,0.0,2022
daily_w84_h14,2.3187711085816876,2.0998488507208726,2.212019964858694,6740.0,0.0,2022
fortnightly_w84_h28,2.3217627317872287,2.098883343069043,2.2131305282934366,6740.0,0.0,2022
daily_w56_h28,2.3203634489151517,2.1008798131723943,2.2133439096146685,6740.0,0.0,2022
weekly_w84_h28,2.3221885210877806,2.1002063650991554,2.213981289834544,6740.0,0.0,2022
daily_w56_h14,2.321638663274107,2.1013647154812816,2.2142425059463235,6740.0,0.0,2022
weekly_w84_hflat,2.320990454068468,2.1024632589913126,2.214424128671529,6740.0,0.0,2022
weekly_w112_h21,2.3231221443570593,2.10046915467026,2.2145955801594273,6740.0,0.0,2022
weekly_w84_h21,2.323919862436859,2.100343310646582,2.214954350500975,6740.0,0.0,2022
weekly_w84_h28_huber,2.322200359068095,2.102297143989489,2.214979434360774,6740.0,0.0,2022
precision_h2_q0.25,2.3198709748597763,2.1053543209013172,2.2152108428470974,6740.0,0.0,2022
kalman_q0.25,2.3191707506078454,2.106943049054238,2.215599465430623,6740.0,0.0,2022
fortnightly_w84_h14,2.3276802034429873,2.0975748588356096,2.2156167784524037,6740.0,0.0,2022
weekly_w56_hflat,2.324647933436933,2.1032495415899617,2.216714533789927,6740.0,0.0,2022
precision_h1_q0.25,2.3226614662536424,2.106182349603557,2.2170656707234766,6740.0,0.0,2022
weekly_w56_h28,2.3263174206383277,2.102322578778116,2.2171505324183145,6740.0,0.0,2022
ewma_w6_h2,2.3239827516262435,2.1051915608939917,2.217287457448353,6740.0,0.0,2022
monthly_w84_hflat,2.3232895072552253,2.1065576692939496,2.2175729242330884,6740.0,0.0,2022
ewma_w6_h3,2.324019552572059,2.105805749421973,2.2175983332240166,6740.0,0.0,2022
ema_a0.5,2.324295821036847,2.1055613445059382,2.217627069546073,6740.0,0.0,2022
weekly_w112_h14,2.3279803036598112,2.101508097365452,2.2176370958207507,6740.0,0.0,2022
monthly_w84_h28,2.3254211288803877,2.1044628196008155,2.2176955591024607,6740.0,0.0,2022
weekly_w56_h21,2.3276384083539776,2.1024502081569234,2.2179041275293807,6740.0,0.0,2022
weekly_w84_h14,2.3284260226869407,2.101578153994796,2.217904245055893,6740.0,0.0,2022
monthly_w84_h28_huber,2.3242349306775227,2.1063997553559033,2.2179932306417163,6740.0,0.0,2022
ewma_w3_h3,2.3243986204719707,2.106292061269173,2.218027862112821,6740.0,0.0,2022
ewma_w3_h2,2.3247809596087645,2.105958463504929,2.21806983210262,6740.0,0.0,2022
ewma_w6_h1,2.3257985886561285,2.1048687516516686,2.218086059722942,6740.0,0.0,2022
precision_h2_q1,2.3256583550181498,2.105236583429346,2.218187081433281,6740.0,0.0,2022
weekly_w56_h28_huber,2.327313530084545,2.1040379026949436,2.218486394289079,6740.0,0.0,2022
daily_w84_h7,2.326441309341741,2.105706725627495,2.218820630443635,6740.0,0.0,2022
precision_h2_q2,2.3272985413481138,2.1052546080780123,2.2190555947739075,6740.0,0.0,2022
ewma_w3_h1,2.3269104759166677,2.1057265983419438,2.2190760318086746,6740.0,0.0,2022
adaptive_q0.5,2.3248221710070807,2.1080359899994234,2.2190779461229977,6740.0,0.0,2022
kalman_q0.5,2.3248221710070807,2.1080359899994234,2.2190779461229977,6740.0,0.0,2022
weekly_w84_h14_huber,2.329116122297513,2.1034087591620647,2.219133876004994,6740.0,0.0,2022
daily_w56_h7,2.3269268703594417,2.106040159944702,2.219233405401592,6740.0,0.0,2022
monthly_w56_hflat,2.3269360964535624,2.106060999081131,2.2192481304294427,6740.0,0.0,2022
season_to_date,2.3249346486595694,2.1094061602993817,2.219787767968683,6740.0,0.0,2022
weekly_w56_h14,2.3310797629093543,2.1032716741993336,2.2200996144919714,6740.0,0.0,2022
ewma_w2_h3,2.3292855158919523,2.1060121350288745,2.220456949304908,6740.0,0.0,2022
ewma_w2_h2,2.329466446226623,2.106022949692769,2.220556978409733,6740.0,0.0,2022
monthly_w56_h28,2.3294490132888663,2.1061871619870445,2.2206257076364215,6740.0,0.0,2022
precision_h1_q1,2.329835719053961,2.106613631613381,2.221030782168384,6740.0,0.0,2022
monthly_w56_h28_huber,2.3293479040401457,2.10754189076307,2.221215261898022,6740.0,0.0,2022
ewma_w2_h1,2.3307182281466976,2.1063689340746548,2.221377674490549,6740.0,0.0,2022
monthly_w84_h14,2.3308253632503644,2.106347978779265,2.221423944419287,6740.0,0.0,2022
precision_h1_q2,2.331406079003322,2.1066810146916866,2.221886496074455,6740.0,0.0,2022
weekly_w112_h10,2.3342938923920964,2.1039314769644295,2.2220998667725054,6740.0,0.0,2022
weekly_w84_h10,2.3344474642407986,2.103979280607972,2.222203160888753,6740.0,0.0,2022
ema_a0.75,2.3321093086309737,2.107004296056699,2.2224087080243162,6740.0,0.0,2022
precision_h0.5_q0.25,2.33123342632881,2.108708654973678,2.2227574631067673,6740.0,0.0,2022
ewma_w6_h0.5,2.332929581173884,2.107112749030023,2.2228905245019392,6740.0,0.0,2022
ewma_w3_h0.5,2.333326605053296,2.107373454429092,2.2232224272755463,6740.0,0.0,2022
weekly_w56_h10,2.3359611655684196,2.10499810238053,2.223480557377262,6740.0,0.0,2022
monthly_w56_h14,2.33329424038561,2.1079894935392383,2.2234974383939003,6740.0,0.0,2022
fortnightly_w84_h7,2.3429215152722103,2.098132076561215,2.2238974164089162,6740.0,0.0,2022
ewma_w2_h0.5,2.335152487551035,2.107957791702161,2.224457595877435,6740.0,0.0,2022
adaptive_q1,2.334470081654665,2.110706961503054,2.225402709564967,6740.0,0.0,2022
kalman_q1,2.334470081654665,2.110706961503054,2.225402709564967,6740.0,0.0,2022
precision_h0.5_q1,2.3372989887085907,2.109215630425251,2.226180264292224,6740.0,0.0,2022
precision_h0.5_q2,2.338332704219562,2.109280744287652,2.2267538137213823,6740.0,0.0,2022
ema_a0.9,2.340296881823768,2.1099566458182664,2.2281053097089827,6740.0,0.0,2022
weekly_w28_hflat,2.346740618752846,2.103404096063757,2.2283963205680313,6740.0,1.9584569732937684,2022
weekly_w112_h7,2.3427831510161288,2.107976129934203,2.228474394855979,6740.0,0.0,2022
weekly_w84_h7,2.342805997818471,2.1079852129650956,2.2284907001706,6740.0,0.0,2022
weekly_w56_h7,2.343343091350364,2.108337699457697,2.2289397365938424,6740.0,0.0,2022
weekly_w28_h28,2.347827179603769,2.1042575238376684,2.229371233320465,6740.0,1.9584569732937684,2022
weekly_w28_h28_huber,2.3466035242926395,2.1064624338134696,2.229768158945006,6740.0,1.9584569732937684,2022
ewma_w6_h0.25,2.342841137107329,2.110934376219818,2.2299045421753947,6740.0,0.0,2022
ewma_w3_h0.25,2.342852344688188,2.1109409368394294,2.2299135350765806,6740.0,0.0,2022
ewma_w2_h0.25,2.343046790828078,2.111019039197898,2.230052650484487,6740.0,0.0,2022
adaptive_q2,2.3424014843582457,2.112155424558816,2.2302516955959195,6740.0,0.0,2022
kalman_q2,2.3424014843582457,2.112155424558816,2.2302516955959195,6740.0,0.0,2022
weekly_w28_h14,2.3492427720858977,2.105615812474171,2.2307576685892054,6740.0,1.9584569732937684,2022
kalman_q4,2.3458759428040974,2.112574385359106,2.2322751255952316,6740.0,0.0,2022
monthly_w28_h14,2.3456688457734653,2.113291411829062,2.232505646727763,6740.0,0.0,2022
last_month,2.347299983320986,2.112711817462171,2.233088493022949,6740.0,0.0,2022
daily_w84_h3.5,2.34146862479862,2.1197496902411292,2.2333622713516164,6740.0,0.0,2022
monthly_w28_h28,2.347558654761951,2.113054849533579,2.2333867146874855,6740.0,0.0,2022
monthly_w28_h28_huber,2.349517502937677,2.1118312827522194,2.2338379376558835,6740.0,0.0,2022
weekly_w28_h7,2.3529763809792477,2.1096016565409204,2.2346047747561975,6740.0,1.9584569732937684,2022
monthly_w28_hflat,2.3495975409940413,2.113399765770579,2.2346215758607078,6740.0,0.0,2022
weekly_w84_h3.5,2.361989910605926,2.1201943073930085,2.2443507122223467,6740.0,0.0,2022
trend_d0.25,2.3716095097397165,2.122626557996435,2.2505638372860757,6740.0,0.0,2022
trend_d0.5,2.405765268641105,2.1368962495510395,2.275305705739902,6740.0,0.0,2022
uncorrected,5.5389351011325365,3.4661873821495215,4.620295284001373,6740.0,0.0,2022
daily_w56_h14,2.3464814985011118,1.9746345683614814,2.168542955693541,6782.0,0.0,2023
daily_w84_h14,2.348350075768776,1.9746033746203377,2.1695398781107067,6782.0,0.0,2023
daily_w56_h28,2.349541944761525,1.9755212092001346,2.170602611971308,6782.0,0.0,2023
daily_w84_h7,2.351341747093823,1.9782561058393635,2.1728213492964574,6782.0,0.0,2023
daily_w56_h7,2.35148679527433,1.9784071739942055,2.17296860244934,6782.0,0.0,2023
daily_w84_h28,2.3585130065238906,1.9768890441963562,2.1760829367243733,6782.0,0.0,2023
weekly_w112_h10,2.3622589743473825,1.976780998690886,2.178064574188525,6782.0,0.0,2023
weekly_w84_h10,2.362247684558235,1.9768119370152224,2.178072491622652,6782.0,0.0,2023
weekly_w56_h14,2.362371340933835,1.977032875280696,2.1782398103062692,6782.0,0.0,2023
weekly_w84_h14,2.3627777887734225,1.9765866832978958,2.1782577666235463,6782.0,0.0,2023
weekly_w112_h14,2.3630645021970924,1.976640311696439,2.178437601053492,6782.0,0.0,2023
weekly_w56_h10,2.362590828082915,1.9772750546041906,2.1784687354310965,6782.0,0.0,2023
weekly_w56_h21,2.3633127980017745,1.977714085765949,2.1790594744334104,6782.0,0.0,2023
weekly_w84_h14_huber,2.3638941091568015,1.978113734047347,2.1795560676583854,6782.0,0.0,2023
weekly_w56_h28,2.3642743944520888,1.9783829052744308,2.179884438696681,6782.0,0.0,2023
weekly_w112_h7,2.364493425649459,1.9791542580226793,2.1803532669029595,6782.0,0.0,2023
weekly_w84_h7,2.364498410065281,1.979166064970503,2.1803613283045618,6782.0,0.0,2023
weekly_w56_h7,2.3647450315651914,1.9794062082054447,2.1806040449144493,6782.0,0.0,2023
weekly_w84_h21,2.3661984251209263,1.9778048415491019,2.180665836195429,6782.0,0.0,2023
weekly_w56_h28_huber,2.3649324679476775,1.9804428637308704,2.1811762325011275,6782.0,0.0,2023
weekly_w112_h21,2.3677791659785306,1.9783756475591545,2.1817823426841976,6782.0,0.0,2023
fortnightly_w84_h14,2.367370297341043,1.9803363634533682,2.1824497974922963,6782.0,0.0,2023
weekly_w28_h14,2.366899767206968,1.9814059911954047,2.182680028078949,6782.0,3.052196992037747,2023
weekly_w84_h28,2.369577031834567,1.9791040131174875,2.1830881801401953,6782.0,0.0,2023
weekly_w28_h28,2.367885153312523,1.9811994513738678,2.1831206294433185,6782.0,3.052196992037747,2023
fortnightly_w84_h7,2.368178530645781,1.9821137918113467,2.183694648605931,6782.0,0.0,2023
weekly_w56_hflat,2.369563653177558,1.981674991966564,2.1842467443315394,6782.0,0.0,2023
weekly_w28_h28_huber,2.3693617684989476,1.9821067591592956,2.184333124174221,6782.0,3.052196992037747,2023
weekly_w28_hflat,2.3701457412209392,1.9817125126016253,2.1845795152877363,6782.0,3.052196992037747,2023
weekly_w28_h7,2.368505834699022,1.9839719027251996,2.184715587874811,6782.0,3.052196992037747,2023
weekly_w84_h28_huber,2.3711833607488693,1.9812245174191565,2.184921179209341,6782.0,0.0,2023
fortnightly_w84_h28,2.3739824160387517,1.982971636248446,2.187232157525468,6782.0,0.0,2023
weekly_w84_h3.5,2.3792789558092697,1.9946409605999469,2.1953998395804724,6782.0,0.0,2023
daily_w84_h3.5,2.3776125332100473,1.9979260867184805,2.1959906655161037,6782.0,0.0,2023
weekly_w84_hflat,2.3886235867659886,1.9864801556147516,2.196773321021769,6782.0,0.0,2023
monthly_w56_h28,2.391644477170245,1.9831948081771318,2.196932515162865,6782.0,0.0,2023
monthly_w56_hflat,2.392421144971182,1.985066480601425,2.1982001577782393,6782.0,0.0,2023
monthly_w56_h14,2.3968338972384537,1.9833155979223132,2.1998128888513695,6782.0,0.0,2023
monthly_w56_h28_huber,2.3943261868441237,1.9863818176922583,2.1998307451558543,6782.0,0.0,2023
monthly_w84_h14,2.3967145105405687,1.984338524120508,2.200209060901313,6782.0,0.0,2023
monthly_w84_h28,2.395800696292187,1.9873025178947208,2.201048872013616,6782.0,0.0,2023
ewma_w2_h1,2.4016506344751174,1.985669638204702,2.2034983188288035,6782.0,0.0,2023
monthly_w28_hflat,2.3997093086000287,1.9880422648934215,2.2035104734019524,6782.0,0.0,2023
monthly_w84_h28_huber,2.3985995995105314,1.9896812741849186,2.203646025523859,6782.0,0.0,2023
monthly_w28_h28,2.400734039282907,1.9873405763995937,2.203752083830653,6782.0,0.0,2023
ewma_w2_h0.5,2.4024308117660538,1.985758146734258,2.203963387019437,6782.0,0.0,2023
ema_a0.75,2.4026472244481485,1.9862806371583515,2.2043167257336886,6782.0,0.0,2023
ewma_w3_h0.5,2.4027829866934773,1.986287815219739,2.2043939491427147,6782.0,0.0,2023
ewma_w6_h0.5,2.402850602749388,1.9863147913478887,2.2044429533853336,6782.0,0.0,2023
ewma_w2_h2,2.403375888356665,1.9861749013754495,2.204666233195851,6782.0,0.0,2023
precision_h1_q2,2.4033117768821617,1.9865836668810886,2.2048154301912897,6782.0,0.0,2023
monthly_w28_h14,2.4032770276039477,1.9874677749255514,2.2051948471480234,6782.0,0.0,2023
precision_h1_q1,2.403903918776985,1.9867139131106455,2.2051968419235006,6782.0,0.0,2023
ewma_w2_h3,2.4043702666211066,1.986451103434892,2.2053326693890596,6782.0,0.0,2023
precision_h0.5_q1,2.40499814858436,1.9865714327860096,2.2057291484059935,6782.0,0.0,2023
precision_h0.5_q0.25,2.4049256529363454,1.986859278327356,2.2058192568779074,6782.0,0.0,2023
precision_h0.5_q2,2.405183254893116,1.9865588446431137,2.205824396098659,6782.0,0.0,2023
ema_a0.9,2.40619479211145,1.9866792152135195,2.206430112392603,6782.0,0.0,2023
monthly_w28_h28_huber,2.4054681161250837,1.9876797722341975,2.2064845042106405,6782.0,0.0,2023
precision_h2_q2,2.405450439373236,1.9878512432160176,2.20655210469143,6782.0,0.0,2023
ewma_w3_h1,2.40530634778998,1.988289984277586,2.2066712134227577,6782.0,0.0,2023
precision_h2_q1,2.4070693823047784,1.9881423479216946,2.207565741583781,6782.0,0.0,2023
ewma_w6_h0.25,2.408096507035335,1.9871118334602476,2.2076619109222237,6782.0,0.0,2023
ewma_w3_h0.25,2.408102190594948,1.9871130802951775,2.207665571846014,6782.0,0.0,2023
ewma_w2_h0.25,2.408167529627429,1.9871017715148327,2.207696118254193,6782.0,0.0,2023
ewma_w6_h1,2.4076905432068942,1.9892236884901557,2.2083913415310126,6782.0,0.0,2023
adaptive_q1,2.4087983868986655,1.988015771784073,2.208451536437673,6782.0,0.0,2023
kalman_q1,2.4087983868986655,1.988015771784073,2.208451536437673,6782.0,0.0,2023
adaptive_q2,2.4098989056947935,1.9880139419105456,2.209050946549181,6782.0,0.0,2023
kalman_q2,2.4098989056947935,1.9880139419105456,2.209050946549181,6782.0,0.0,2023
precision_h1_q0.25,2.4102804717532247,1.9884173882469756,2.209440614997139,6782.0,0.0,2023
kalman_q4,2.411342054670481,1.9880331392934107,2.2098468575391452,6782.0,0.0,2023
last_month,2.412041162287733,1.988040523047365,2.2102316269849185,6782.0,0.0,2023
ema_a0.5,2.410475910447397,1.9913294580546423,2.2108581055060275,6782.0,0.0,2023
ewma_w3_h2,2.410942076521594,1.991233784689106,2.2110691623770564,6782.0,0.0,2023
monthly_w84_hflat,2.4087372351547924,1.9968500935980078,2.2123997564097144,6782.0,0.0,2023
adaptive_q0.5,2.4157346282649392,1.9887922469911596,2.212585410316457,6782.0,0.0,2023
kalman_q0.5,2.4157346282649392,1.9887922469911596,2.212585410316457,6782.0,0.0,2023
ewma_w3_h3,2.413599125853203,1.9925911837025065,2.2131290479418846,6782.0,0.0,2023
precision_h2_q0.25,2.41931934828707,1.9914918460127689,2.21575561397591,6782.0,0.0,2023
ewma_w6_h2,2.4179571002083016,1.9944504524136297,2.2163426117796714,6782.0,0.0,2023
ewma_w6_h3,2.4229654912242795,1.9971511230134507,2.220289888710211,6782.0,0.0,2023
kalman_q0.25,2.4305593046215166,1.9928460914452468,2.222504676875937,6782.0,0.0,2023
trend_d0.25,2.4373117273534275,1.994506863620623,2.2269425324112344,6782.0,0.0,2023
season_to_date,2.435435915780691,2.0079965994350877,2.2319720476763827,6782.0,0.0,2023
trend_d0.5,2.4764976250873016,2.0049506785034015,2.253094284566704,6782.0,0.0,2023
uncorrected,5.820781745886631,3.4732807419780864,4.792972942018496,6782.0,0.0,2023
daily_w84_h7,2.6777126328040763,2.729892726846703,2.7039285534171444,9209.0,0.0,2024
daily_w56_h7,2.6778129303637916,2.730096061002003,2.7040808597675263,9209.0,0.0,2024
daily_w84_h3.5,2.683299203298372,2.746708179738977,2.715188799979357,9209.0,0.0,2024
daily_w56_h14,2.7004647973230083,2.7351808849794987,2.7178782712934395,9209.0,0.0,2024
daily_w84_h14,2.702691552246758,2.736964872511303,2.7198821978117733,9209.0,0.0,2024
daily_w56_h28,2.72453683844085,2.7462919099824217,2.7354360017057755,9209.0,0.0,2024
weekly_w112_h7,2.7288564591518996,2.753974831151893,2.7414444135594964,9209.0,0.0,2024
weekly_w84_h7,2.728865698981427,2.753971652558371,2.7414474157069364,9209.0,0.0,2024
weekly_w56_h7,2.729410574423475,2.7541165961294682,2.7417914133692274,9209.0,0.0,2024
weekly_w84_h10,2.7330568323831983,2.7521863448675212,2.742638266880243,9209.0,0.0,2024
weekly_w112_h10,2.733060097717639,2.7523694629661306,2.7427317731054943,9209.0,0.0,2024
weekly_w56_h10,2.734427406179526,2.751854622743191,2.743154853847916,9209.0,0.0,2024
daily_w84_h28,2.7345561453033924,2.7550220386332147,2.744808166809774,9209.0,0.0,2024
weekly_w56_h14,2.7423384990817126,2.7540307281037206,2.748190831700489,9209.0,0.0,2024
weekly_w84_h14,2.7406349248367348,2.7560510346343787,2.7483537887928553,9209.0,0.0,2024
weekly_w28_h7,2.733274190600419,2.7635805256754447,2.7484691305247497,9209.0,0.6406775980019546,2024
weekly_w112_h14,2.74097076883479,2.7571933428573256,2.749094022173808,9209.0,0.0,2024
weekly_w84_h14_huber,2.743557070458282,2.755251005530105,2.74941025515803,9209.0,0.0,2024
weekly_w28_h14,2.738327038327594,2.7616233925449714,2.7499998846443217,9209.0,0.6406775980019546,2024
weekly_w28_h28,2.7444331823346975,2.7636260342701857,2.754046327641903,9209.0,0.6406775980019546,2024
weekly_w56_h21,2.752797086658458,2.758924153112993,2.7558623226628667,9209.0,0.0,2024
weekly_w28_h28_huber,2.7485572726844256,2.764774466853676,2.7566777952630295,9209.0,0.6406775980019546,2024
weekly_w84_h21,2.7522996735102816,2.764552250182499,2.758432764886061,9209.0,0.0,2024
weekly_w28_hflat,2.752636363171737,2.7675164434525583,2.7600864309506346,9209.0,0.6406775980019546,2024
weekly_w56_h28,2.759555785780372,2.7625711318941435,2.761063870468122,9209.0,0.0,2024
weekly_w112_h21,2.754298345728725,2.7688685765516987,2.7615930702675424,9209.0,0.0,2024
fortnightly_w84_h7,2.7608543559098058,2.763177707894468,2.7620162761967095,9209.0,0.0,2024
weekly_w56_h28_huber,2.761885654056918,2.7629252576068595,2.7624055047374325,9209.0,0.0,2024
fortnightly_w84_h14,2.760440854479234,2.7648729292957843,2.762657780673413,9209.0,0.0,2024
weekly_w84_h3.5,2.7435926933222823,2.782921326636923,2.7633269782186494,9209.0,0.0,2024
weekly_w84_h28,2.7608049730589324,2.771184732019582,2.7659997214610645,9209.0,0.0,2024
weekly_w84_h28_huber,2.7644535111040263,2.7701164899244692,2.767286449105589,9209.0,0.0,2024
fortnightly_w84_h28,2.7769535082214682,2.7787773268980054,2.7778655672391657,9209.0,0.0,2024
monthly_w28_h28_huber,2.7863475991669637,2.777824167128609,2.7820891472836786,9209.0,0.0,2024
weekly_w56_hflat,2.7859274583400344,2.778356720983912,2.7821446648376718,9209.0,0.0,2024
monthly_w28_h28,2.785527255487764,2.779881000253565,2.7827055599394592,9209.0,0.0,2024
monthly_w28_hflat,2.78522709258449,2.7815133830803314,2.783370857209082,9209.0,0.0,2024
monthly_w28_h14,2.7863265540492055,2.781569325975277,2.7839489561597817,9209.0,0.0,2024
monthly_w56_h14,2.7910255793174077,2.7850374245377063,2.7880331096025106,9209.0,0.0,2024
monthly_w84_h14,2.792576997556551,2.7890977773827084,2.79083792964435,9209.0,0.0,2024
ewma_w2_h0.5,2.790213552114246,2.79456847336147,2.7923918617117347,9209.0,0.0,2024
ema_a0.9,2.7925685172897374,2.7940359399249157,2.7933023249685944,9209.0,0.0,2024
ema_a0.75,2.7880451444241077,2.7988108644901724,2.793433190765001,9209.0,0.0,2024
monthly_w56_h28,2.7988463214759403,2.7883272669421237,2.793591745299618,9209.0,0.0,2024
ewma_w3_h0.5,2.789668170732844,2.7979337766534393,2.7938040304697562,9209.0,0.0,2024
precision_h0.5_q2,2.7925662510404763,2.795183955884832,2.793875410043032,9209.0,0.0,2024
ewma_w2_h0.25,2.795165716099558,2.793809315833486,2.794487598263439,9209.0,0.0,2024
ewma_w3_h0.25,2.7950098279271836,2.793995422181223,2.7945026710829226,9209.0,0.0,2024
ewma_w6_h0.25,2.7950005986252586,2.7940197425648456,2.794510213629365,9209.0,0.0,2024
ewma_w6_h0.5,2.7894892162632945,2.7996261808275733,2.7945622948884496,9209.0,0.0,2024
precision_h0.5_q1,2.7947976065891025,2.795227008511205,2.7950123157963613,9209.0,0.0,2024
monthly_w56_h28_huber,2.804112106827458,2.7863143197983886,2.795227378619661,9209.0,0.0,2024
ewma_w2_h1,2.794860065241018,2.7987474740251934,2.7968044450445073,9209.0,0.0,2024
adaptive_q2,2.797199177793854,2.7966016423765248,2.7969004260425225,9209.0,0.0,2024
kalman_q2,2.797199177793854,2.7966016423765248,2.7969004260425225,9209.0,0.0,2024
kalman_q4,2.7989976580025724,2.7951103752135698,2.797054691915268,9209.0,0.0,2024
precision_h1_q2,2.791247344432438,2.8034643094718192,2.797362496377922,9209.0,0.0,2024
last_month,2.800216847133687,2.7946069733397922,2.7974133164774493,9209.0,0.0,2024
precision_h1_q1,2.795230858902548,2.8048480578563733,2.80004358735911,9209.0,0.0,2024
adaptive_q1,2.798002222152795,2.8021180738604254,2.8000609042507665,9209.0,0.0,2024
kalman_q1,2.798002222152795,2.8021180738604254,2.8000609042507665,9209.0,0.0,2024
weekly_w84_hflat,2.7992503289313033,2.801251437273476,2.8002510618557688,9209.0,0.0,2024
precision_h0.5_q0.25,2.805100778482041,2.7957639126900857,2.8004362368156794,9209.0,0.0,2024
ewma_w2_h2,2.802076850932144,2.8029153285612582,2.802496121104672,9209.0,0.0,2024
monthly_w84_h28,2.8054145701019126,2.802468445241522,2.8039418946114534,9209.0,0.0,2024
ewma_w3_h1,2.7972087436490054,2.8110827577164907,2.8041543311912593,9209.0,0.0,2024
monthly_w84_h28_huber,2.8103002256786325,2.799160955721883,2.8047361207863406,9209.0,0.0,2024
ewma_w2_h3,2.8053787148925826,2.804662385198198,2.8050205729119,9209.0,0.0,2024
precision_h2_q2,2.794942949394607,2.817429116370919,2.806208555697994,9209.0,0.0,2024
monthly_w56_hflat,2.8154718491963604,2.7980946653105607,2.806796705290267,9209.0,0.0,2024
ema_a0.5,2.7956809149964768,2.8244718839669902,2.81011327189809,9209.0,0.0,2024
precision_h2_q1,2.8002081394971143,2.820663388536486,2.8104543739345798,9209.0,0.0,2024
ewma_w6_h1,2.798376093888471,2.8239806805591496,2.811207538320305,9209.0,0.0,2024
adaptive_q0.5,2.811150116125546,2.8174688148837976,2.814311238850048,9209.0,0.0,2024
kalman_q0.5,2.810355095856525,2.8186605697119433,2.814510896413051,9209.0,0.0,2024
precision_h1_q0.25,2.8159864815112576,2.8174104555876585,2.8166985585352236,9209.0,0.0,2024
ewma_w3_h2,2.8093471602130924,2.8241766919438787,2.816771685273448,9209.0,0.0,2024
trend_d0.25,2.8323559557751876,2.8053923663192157,2.818906400469631,9209.0,0.0,2024
ewma_w3_h3,2.8150519108165324,2.829627982407505,2.8223493564241275,9209.0,0.0,2024
monthly_w84_hflat,2.8330741684580887,2.833429128904599,2.8332516542401915,9209.0,0.0,2024
ewma_w6_h2,2.8142290596781696,2.8549599756377257,2.8346676756570983,9209.0,0.0,2024
precision_h2_q0.25,2.829987647377067,2.8458552120849356,2.8379325196749994,9209.0,0.0,2024
ewma_w6_h3,2.8215680970916512,2.8689175529040662,2.8453413197616957,9209.0,0.0,2024
kalman_q0.25,2.8377693336173233,2.854005450852585,2.845898970827599,9209.0,0.0,2024
trend_d0.5,2.8897529369634514,2.827850658629683,2.8589693408815373,9209.0,0.0,2024
season_to_date,2.861256175653582,2.898413750961064,2.8798948916996907,9209.0,0.0,2024
uncorrected,5.862520271272963,4.312987913229212,5.146406934490688,9209.0,0.0,2024
daily_w84_h3.5,2.954637327394327,3.365823235258505,3.1669107808271075,8764.0,0.0,2025
daily_w56_h7,2.9931081786847793,3.389130092709113,3.1972565860919104,8764.0,0.0,2025
daily_w84_h7,2.9938716734281847,3.3885540040651287,3.1973086991578943,8764.0,0.0,2025
daily_w56_h14,3.062717616437648,3.4486611208374343,3.261403281136298,8764.0,0.0,2025
daily_w84_h14,3.0647082826876946,3.4480694853051843,3.2620254469782513,8764.0,0.0,2025
weekly_w84_h3.5,3.0306654509884337,3.549258157854424,3.3001641282602217,8764.0,0.0,2025
weekly_w56_h7,3.0681439484440607,3.5192243696781436,3.3013972384817944,8764.0,0.0,2025
weekly_w112_h7,3.0696508799451663,3.5183698456634542,3.3016422349811023,8764.0,0.0,2025
weekly_w84_h7,3.069708048552323,3.5185436399537893,3.301761412458975,8764.0,0.0,2025
daily_w56_h28,3.118519894502316,3.5006449703452676,3.3150928750798485,8764.0,0.0,2025
weekly_w28_h7,3.0819707559826526,3.5329327282602723,3.315128760934095,8764.0,0.6732085805568234,2025
weekly_w112_h10,3.0984890532359146,3.522279027719442,3.3171587211147298,8764.0,0.0,2025
weekly_w84_h10,3.0987913473543913,3.523433392942558,3.317912799407268,8764.0,0.0,2025
weekly_w56_h10,3.100102784822986,3.526778096413178,3.320301267792351,8764.0,0.0,2025
daily_w84_h28,3.1307832954826758,3.504794021330509,3.323054707285711,8764.0,0.0,2025
weekly_w112_h14,3.12502578505856,3.530598103343797,3.333984787353992,8764.0,0.0,2025
weekly_w84_h14,3.125398320353083,3.534038377185788,3.33598125836221,8764.0,0.0,2025
weekly_w56_h14,3.1292646987850135,3.540103383278199,3.341005052327803,8764.0,0.0,2025
weekly_w84_h14_huber,3.1413078587421643,3.5371316749762785,3.3450796365345155,8764.0,0.0,2025
weekly_w28_h14,3.135822674911627,3.5445472947326553,3.3464308877583666,8764.0,0.6732085805568234,2025
fortnightly_w84_h7,3.117254617714466,3.576439817534803,3.3547129623941405,8764.0,0.0,2025
weekly_w112_h21,3.158424768214626,3.544062226530023,3.3567859688985653,8764.0,0.0,2025
weekly_w84_h21,3.1567035941986963,3.550903542526278,3.3595902689132076,8764.0,0.0,2025
weekly_w56_h21,3.1601146101859325,3.5578268301705993,3.364851861746098,8764.0,0.0,2025
weekly_w28_h28,3.169604783754842,3.5575752931913156,3.3691791620457683,8764.0,0.6732085805568234,2025
weekly_w84_h28,3.177864445385047,3.5635572218255187,3.3762229270641493,8764.0,0.0,2025
weekly_w28_h28_huber,3.1875789065114395,3.5569381697424105,3.377311684506418,8764.0,0.6732085805568234,2025
weekly_w56_h28,3.17830592444663,3.5692720447981685,3.3794475494635394,8764.0,0.0,2025
fortnightly_w84_h14,3.1678042126298767,3.5813989903020627,3.380931991129977,8764.0,0.0,2025
weekly_w84_h28_huber,3.196684269724352,3.5706578668678355,3.388833716968736,8764.0,0.0,2025
monthly_w28_h14,3.195771592555277,3.5749335117621803,3.3906566978465666,8764.0,0.0,2025
weekly_w56_h28_huber,3.198008209403925,3.574702163505829,3.391589012925074,8764.0,0.0,2025
weekly_w28_hflat,3.2060484606236797,3.5750032171439647,3.395540806297074,8764.0,0.6732085805568234,2025
monthly_w84_h14,3.220209888288201,3.5775851992852035,3.4035913079256193,8764.0,0.0,2025
monthly_w56_h14,3.2205869318463236,3.580012620342263,3.4050455611775003,8764.0,0.0,2025
fortnightly_w84_h28,3.2177967374337686,3.600231717132448,3.4143728751035574,8764.0,0.0,2025
monthly_w28_h28,3.231928602025181,3.594521765913888,3.4180366597081098,8764.0,0.0,2025
monthly_w28_h28_huber,3.263446144388623,3.5935216816020388,3.432453846264281,8764.0,0.0,2025
weekly_w56_hflat,3.2454399842235637,3.614242328345319,3.434794629901476,8764.0,0.0,2025
monthly_w56_h28,3.2716112480409985,3.6109316553007123,3.4454511734721422,8764.0,0.0,2025
monthly_w84_h28,3.2810142913804543,3.607980206809793,3.4483746862089983,8764.0,0.0,2025
monthly_w28_hflat,3.2707730328129765,3.61965940588775,3.449629722652002,8764.0,0.0,2025
weekly_w84_hflat,3.2748977518848514,3.6240569522351134,3.4538923027755306,8764.0,0.0,2025
ema_a0.9,3.28380478209559,3.61697064975801,3.4544066442823977,8764.0,0.0,2025
ewma_w6_h0.25,3.285058041030767,3.61952954298759,3.456342029190749,8764.0,0.0,2025
ewma_w3_h0.25,3.2850610723615135,3.6195564729165532,3.456357570461793,8764.0,0.0,2025
ema_a0.75,3.2876648559036963,3.617663815897047,3.4566046700190536,8764.0,0.0,2025
ewma_w2_h0.25,3.285540800991778,3.620327279830995,3.4569891501182197,8764.0,0.0,2025
precision_h0.5_q2,3.2876381703302604,3.6191414641426243,3.4573653029792006,8764.0,0.0,2025
ewma_w6_h0.5,3.287043442496756,3.621416703774297,3.458273668699198,8764.0,0.0,2025
ewma_w3_h0.5,3.2874061672930637,3.6226083263809286,3.459069990266235,8764.0,0.0,2025
last_month,3.29020202085189,3.6212025716760894,3.4596630907598054,8764.0,0.0,2025
precision_h1_q2,3.293908132055509,3.620306365367808,3.460957162516179,8764.0,0.0,2025
ewma_w2_h0.5,3.287490068106507,3.629098848752772,3.4625098846008817,8764.0,0.0,2025
precision_h0.5_q1,3.2963011324585896,3.622145063290071,3.463057609639523,8764.0,0.0,2025
kalman_q4,3.3017128400738476,3.623049862058054,3.4661071810654813,8764.0,0.0,2025
precision_h1_q1,3.3064336529136518,3.6248024718442142,3.4692720029573816,8764.0,0.0,2025
precision_h2_q2,3.3061195259625458,3.625807884330462,3.4696476142415205,8764.0,0.0,2025
monthly_w56_h28_huber,3.307226933354284,3.6252937245816264,3.469906668643618,8764.0,0.0,2025
monthly_w84_h28_huber,3.313503329154311,3.62190247884942,3.4711296344714837,8764.0,0.0,2025
adaptive_q2,3.3180617721879035,3.6277069102874973,3.4763336542255545,8764.0,0.0,2025
kalman_q2,3.3180617721879035,3.6277069102874973,3.4763336542255545,8764.0,0.0,2025
precision_h0.5_q0.25,3.3125981345773776,3.6351694214434405,3.4776258513390252,8764.0,0.0,2025
precision_h2_q1,3.319841544501391,3.631410023427075,3.4791153070029175,8764.0,0.0,2025
ewma_w6_h1,3.3205855294761717,3.6379730380153372,3.4828965017563394,8764.0,0.0,2025
ewma_w2_h1,3.306305984135982,3.651378395766427,3.483118103783104,8764.0,0.0,2025
adaptive_q0.5,3.3359245763209278,3.626099632304743,3.4840343943697336,8764.0,0.0,2025
kalman_q1,3.3300923623033105,3.632532164785163,3.4845950316837127,8764.0,0.0,2025
ewma_w3_h1,3.3230135754754637,3.641980414741729,3.486146910570219,8764.0,0.0,2025
kalman_q0.5,3.3372735102396964,3.631154561510042,3.4873111369451086,8764.0,0.0,2025
adaptive_q1,3.3427479542452305,3.627136000868225,3.4878417004219826,8764.0,0.0,2025
trend_d0.25,3.325831045858016,3.646367119874513,3.4897811764131412,8764.0,0.0,2025
precision_h1_q0.25,3.3330928305844667,3.6456058356213994,3.4928462409624026,8764.0,0.0,2025
monthly_w56_hflat,3.329623264100435,3.656087130064312,3.4966672835330455,8764.0,0.0,2025
kalman_q0.25,3.3624374052395396,3.626814534807053,3.4971251746285623,8764.0,0.0,2025
ema_a0.5,3.347046296129193,3.6504375559218643,3.502028930357154,8764.0,0.0,2025
ewma_w2_h2,3.32564586316197,3.671418273171005,3.502801203589799,8764.0,0.0,2025
precision_h2_q0.25,3.3524231541281706,3.6585211423682895,3.5088116188740064,8764.0,0.0,2025
ewma_w2_h3,3.333798203052936,3.6795703603460495,3.510943498222105,8764.0,0.0,2025
ewma_w6_h2,3.365886196605215,3.664725827323626,3.5184801603782248,8764.0,0.0,2025
ewma_w3_h2,3.366952242365704,3.6658420345035116,3.5195713676742146,8764.0,0.0,2025
monthly_w84_hflat,3.3816586398468873,3.660111287255454,3.5236366009810003,8764.0,0.0,2025
ewma_w3_h3,3.3866305670212555,3.676752598317673,3.5346694517817694,8764.0,0.0,2025
ewma_w6_h3,3.3897067023925014,3.679551156799345,3.5375986377589563,8764.0,0.0,2025
trend_d0.5,3.3958827378195484,3.6994189892908,3.5508956917477987,8764.0,0.0,2025
season_to_date,3.435420483063695,3.679137060989701,3.559365351365432,8764.0,0.0,2025
uncorrected,6.719530778678674,5.698704514111483,6.23006127677588,8764.0,0.0,2025
