park,x_cm,z_cm,season,month
고척,9.963381838951626,10.449102864953943,2020,5
광주,6.160023781129347,1.75254301963258,2020,5
대구,4.03487842768503,4.385367120892413,2020,5
대전구,25.855094122167138,2.5823022309328536,2020,5
문학,-0.8526299999872577,5.091592949949002,2020,5
사직,0.0431514362339982,-0.9274650062915177,2020,5
수원,15.537720871766032,6.474379945590862,2020,5
잠실,0.0,0.0,2020,5
창원,-2.613599920795572,2.4843342796705734,2020,5
고척,9.493292379884021,11.870062251720366,2020,6
광주,6.687602814683701,2.618563068809948,2020,6
대구,5.141879752785748,5.1922809183963174,2020,6
대전구,17.424239021330695,4.12237531716819,2020,6
문학,-0.10330005653992202,5.725021065123531,2020,6
사직,2.235711552447995,-0.01697909075917181,2020,6
수원,17.965358535539004,7.39715831186178,2020,6
잠실,0.0,0.0,2020,6
창원,-1.6336782680850668,2.7921696845356134,2020,6
고척,10.652875344144938,11.675088371102246,2020,7
광주,8.151501569082665,1.8670710225400895,2020,7
대구,6.301330741654283,5.591486702429694,2020,7
대전구,17.794057305831934,4.119992406160578,2020,7
문학,0.46369328057921066,5.048135843183328,2020,7
사직,3.1360372265714522,-0.22747514114512413,2020,7
수원,17.298116871248173,7.2445996374147725,2020,7
잠실,0.0,0.0,2020,7
창원,-0.03076891213410704,2.67031256317071,2020,7
고척,9.987276689639526,12.853630011968756,2020,8
광주,13.683105538265202,2.000184079580121,2020,8
대구,5.6185695339110415,5.3826816802704105,2020,8
대전구,16.90749049157272,4.152620992277876,2020,8
문학,-0.014564301317698813,6.0296890158335,2020,8
사직,1.8593426989203463,-0.9687508725263712,2020,8
수원,17.292872479314774,7.1919937511012915,2020,8
잠실,0.0,0.0,2020,8
창원,1.2721562805417213,2.8768499937847043,2020,8
고척,9.389589660124221,10.431628596268656,2020,9
광주,12.798181901735504,1.3365440845859304,2020,9
대구,5.546462269952894,4.77995692028846,2020,9
대전구,17.025088903859647,3.9612001641329178,2020,9
문학,-1.2516326359575594,4.174646730030916,2020,9
사직,1.6479226519178134,-1.121978706095327,2020,9
수원,15.252300038348547,6.083523718285409,2020,9
잠실,0.0,0.0,2020,9
창원,0.654863882771135,2.058143818626853,2020,9
고척,8.509406687699183,10.60537527287876,2020,10
광주,9.813265243427576,2.2797048368916286,2020,10
대구,2.864079523581581,4.957630560102195,2020,10
대전구,14.501794130490765,4.697307042822812,2020,10
문학,-2.7689067469339257,4.884942524821531,2020,10
사직,1.1511167722113562,-0.05721919137535503,2020,10
수원,13.844458905737035,7.537864285773359,2020,10
잠실,0.0,0.0,2020,10
창원,-2.05430590885024,2.9790817255294804,2020,10
고척,9.85558785704822,9.232266978016032,2021,4
광주,12.31692221787372,1.0025430360695096,2021,4
대구,7.138162184599616,3.9361854312785427,2021,4
대전구,15.771703247826645,1.9692838216403201,2021,4
문학,-1.4357382425674174,3.0109407921786606,2021,4
사직,0.48764230952245313,-2.5983332449786785,2021,4
수원,15.168587770127575,4.6485424551321195,2021,4
잠실,0.0,0.0,2021,4
창원,-0.0023173923070523017,0.7068673253549014,2021,4
고척,9.425356355034939,9.768033559320294,2021,5
광주,11.623715038599176,1.4337897828935626,2021,5
대구,4.081245680125448,3.357748574394945,2021,5
대전구,16.944281045956167,2.953316093241938,2021,5
문학,-1.622440145585756,3.406354384139661,2021,5
사직,0.48273166927054945,-1.9947030357965398,2021,5
수원,15.643844050873101,5.371445707765899,2021,5
잠실,0.0,0.0,2021,5
창원,-0.5011620715583618,2.3223335076605185,2021,5
고척,9.961643200348366,10.422418368496958,2021,6
광주,12.998294503134094,1.4365905912824084,2021,6
대구,6.1784528998745785,4.045365681058476,2021,6
대전구,17.28508461248793,2.8297836335019446,2021,6
문학,-1.134672773075244,2.5129172688174384,2021,6
사직,1.7892476584424388,-2.190207119015025,2021,6
수원,15.82847204742336,5.91801943128057,2021,6
잠실,0.0,0.0,2021,6
창원,1.091441959499357,1.4425156236761152,2021,6
고척,10.743586767323734,9.665476723297626,2021,8
광주,13.306310054826572,1.3875974295699436,2021,8
대구,6.968688465114343,4.50163229522261,2021,8
대전구,17.565648552884774,2.3150354711166683,2021,8
문학,-1.141170750779649,3.2253316144626423,2021,8
사직,2.17832660173013,-1.9937454422565963,2021,8
수원,14.81605766163808,5.299378361955704,2021,8
잠실,0.0,0.0,2021,8
창원,3.0900321387134886,0.7296573042158805,2021,8
고척,10.479619073286251,10.145776256725936,2021,9
광주,14.108626502261796,1.443936107854344,2021,9
대구,5.918089302367446,4.762452837926309,2021,9
대전구,17.66117335670087,2.3186127034648107,2021,9
문학,-1.2239232130590665,3.1818225083625657,2021,9
사직,1.4155905310173376,-2.030650922049032,2021,9
수원,14.109082001829467,6.79170269119587,2021,9
잠실,0.0,0.0,2021,9
창원,2.020238757052973,1.8339628229041223,2021,9
고척,9.406936995564038,8.978181141397851,2021,10
광주,11.442483486727916,1.3639790082020964,2021,10
대구,3.7622811516760493,4.417360293437067,2021,10
대전구,17.62844653476327,2.8669891160665326,2021,10
문학,-3.2616196341886825,2.610476057131935,2021,10
사직,0.660129695790534,-2.0605173003673274,2021,10
수원,13.466358206046408,5.299775276334906,2021,10
잠실,0.0,0.0,2021,10
창원,-1.0327678664309232,1.4449676243433958,2021,10
고척,9.720192701408216,10.516591349578395,2022,4
광주,6.749210826339281,2.619602770553428,2022,4
대구,2.6458721106355405,4.333582154977051,2022,4
대전구,14.218223064016641,3.3547003888966613,2022,4
문학,-4.743808984560071,3.8686011194769625,2022,4
사직,3.4289980754047376,1.6205502524085804,2022,4
수원,14.749425019185598,5.526679630687648,2022,4
잠실,0.0,0.0,2022,4
창원,8.182799384747785,2.0347808133159586,2022,4
고척,9.151612635465641,10.311606533164504,2022,5
광주,6.875792168759993,2.460839553227517,2022,5
대구,0.5898137964403052,5.213424510374318,2022,5
대전구,13.212822834255618,3.4674111066417455,2022,5
문학,-4.8031887891146585,3.687177716275257,2022,5
사직,2.8616696096078,1.484304605200073,2022,5
수원,14.426986379352007,5.827280014615942,2022,5
잠실,0.0,0.0,2022,5
창원,9.04485168952225,1.413984012303307,2022,5
고척,9.58180514647367,10.608407788583289,2022,6
광주,8.356513548952933,1.8970659424922678,2022,6
대구,2.1422675422630433,4.165463853253815,2022,6
대전구,13.82633881354135,2.631058855054733,2022,6
문학,-4.1390473781291135,3.6546832727283842,2022,6
사직,2.7775443993003774,1.3251701176931707,2022,6
수원,14.539820795751899,6.18365846226002,2022,6
잠실,0.0,0.0,2022,6
창원,8.442068294831136,1.27954809445027,2022,6
고척,9.440725154317867,11.98483267971574,2022,7
광주,8.874691963911246,2.213983558381578,2022,7
대구,3.7375389680899778,5.441855055020058,2022,7
대전구,14.950430980502304,3.7656827261159465,2022,7
문학,-3.2965490111338838,4.3037215196452445,2022,7
사직,4.796256681286642,1.9349502001406957,2022,7
수원,16.26259570869393,6.855146760218098,2022,7
잠실,0.0,0.0,2022,7
창원,10.514027967977245,0.7703807285789122,2022,7
고척,11.026084517916605,11.438841835024213,2022,8
광주,8.234268310637002,1.7080355936022062,2022,8
대구,4.19618544949123,5.951605824080151,2022,8
대전구,15.197902319648144,3.875373094668852,2022,8
문학,-2.720629271580851,4.446213357471759,2022,8
사직,3.5537952573728617,1.0440172081465189,2022,8
수원,15.326609739279503,6.158979989608069,2022,8
잠실,0.0,0.0,2022,8
창원,10.252566571650451,1.417703632814721,2022,8
고척,10.547170214103364,11.202040321403434,2022,9
광주,9.118984741153557,2.5180548528527584,2022,9
대구,2.86206422684511,5.329935598969373,2022,9
대전구,15.717160649704972,4.177668093405379,2022,9
문학,-3.3854106824083123,4.383194965424766,2022,9
사직,4.244995469304511,1.6968497072532722,2022,9
수원,15.292645586169431,6.725920650547117,2022,9
잠실,0.0,0.0,2022,9
창원,9.369047784272613,1.717422424979353,2022,9
고척,10.30054259164477,9.387576310506834,2023,4
광주,5.486904183119741,2.1978868459977967,2023,4
대구,1.8173969027984178,4.330404544103974,2023,4
대전구,16.944875210271455,2.7784611441124016,2023,4
문학,-3.1149707380842386,3.116665636053953,2023,4
사직,-1.2708147248935049,-0.3334975888633438,2023,4
수원,14.302101059933555,4.995386197020127,2023,4
잠실,0.0,0.0,2023,4
창원,6.069988804667389,0.8687009745647174,2023,4
고척,9.98562342060465,9.992052163629456,2023,5
광주,7.556007830999349,2.1841743060166365,2023,5
대구,3.154260608693248,3.9429689155810577,2023,5
대전구,16.800372734498833,3.4808354053049744,2023,5
문학,-3.8879828395681235,3.8500333536689935,2023,5
사직,-1.2130434955769323,0.5102278895228185,2023,5
수원,14.761117649718052,5.754036099429958,2023,5
잠실,0.0,0.0,2023,5
창원,6.3086421021963055,1.2513755833791436,2023,5
고척,9.272878886359898,10.335803570406654,2023,6
광주,7.520551832286568,1.8824051552838248,2023,6
대구,2.8092452815442908,4.768338245810424,2023,6
대전구,17.370321518559287,2.8681252128011314,2023,6
문학,-2.9821376782586704,4.260924695399572,2023,6
사직,-0.37471853865071836,-0.23836715913691453,2023,6
수원,14.329834016036347,6.349021183543758,2023,6
잠실,0.0,0.0,2023,6
창원,6.946185908085678,1.0392638600980968,2023,6
고척,10.659542774771857,10.936287470864444,2023,7
광주,8.743623062907947,1.1332730338212529,2023,7
대구,3.211241541593237,4.282256588361259,2023,7
대전구,17.413565712631986,2.872666873769173,2023,7
문학,-3.7870699088983795,3.547069383232194,2023,7
사직,0.26994355094273104,-0.6363200313428568,2023,7
수원,14.965498121645606,6.5238493216609665,2023,7
잠실,0.0,0.0,2023,7
창원,7.0781084274187975,0.5581952718602956,2023,7
고척,10.648770951781621,10.911921536311297,2023,8
광주,7.982751597554955,1.8498437978640843,2023,8
대구,4.123420575527398,4.483282287815456,2023,8
대전구,18.43669541914923,3.267123720742197,2023,8
문학,-3.621548693187492,4.45084894034461,2023,8
사직,0.15819992126069238,-0.8115305807836659,2023,8
수원,10.57794504071784,7.7736395707354555,2023,8
잠실,0.0,0.0,2023,8
창원,8.315246811489963,0.17080270811956844,2023,8
고척,10.857326171757254,10.809339777293504,2023,9
광주,7.737971117742568,1.5931925457139817,2023,9
대구,3.1970012079715047,4.327556205970028,2023,9
대전구,18.492398222574952,3.791313337626768,2023,9
문학,-2.6085896906821455,3.592753796014397,2023,9
사직,-0.4211097880583994,-0.5395528148059476,2023,9
수원,10.945753817725873,7.465933549563967,2023,9
잠실,0.0,0.0,2023,9
창원,6.45413700904566,0.012878356698267979,2023,9
광주,7.160661080807132,2.1304540365304225,2023,10
대전구,17.898682133145392,2.9349789613833233,2023,10
문학,-2.9802735412335535,3.422071521978742,2023,10
사직,-0.28912153863544443,-0.7547703698659776,2023,10
수원,10.97450772109315,6.808776841579616,2023,10
잠실,0.0,0.0,2023,10
창원,6.425241602150769,-0.2562623401142128,2023,10
광주,3.311605840737228,1.3965477895904077,2024,3
대구,-1.097794361068079,4.5832849906969875,2024,3
대전구,8.45290172863077,4.2365193794549745,2024,3
문학,-11.120367216343324,2.93847534424677,2024,3
사직,-3.6759954523629306,1.546094058644838,2024,3
수원,16.869981601028133,8.198205711616055,2024,3
잠실,0.0,0.0,2024,3
창원,2.374894444069702,1.0449949974716022,2024,3
고척,7.933641943444348,11.391649591992842,2024,4
광주,1.8058529217553398,0.374623175274571,2024,4
대구,0.5809850180637874,4.819663559960579,2024,4
대전구,8.52648865624514,4.092857232480638,2024,4
문학,-5.093154713267447,3.1927558103178266,2024,4
사직,-3.249875016080969,1.5347094311214877,2024,4
수원,16.61577346046895,9.120936418030027,2024,4
잠실,0.0,0.0,2024,4
창원,3.0734770979698336,1.5717840514337627,2024,4
고척,7.912001497383731,11.386375361866609,2024,5
광주,0.8755770913612695,0.6463834208187302,2024,5
대구,-1.6191154727442267,4.183886043729012,2024,5
대전구,8.385230704599458,4.260275914398435,2024,5
문학,-8.009452768908584,2.163307301485058,2024,5
사직,-3.0272196657711277,0.1450878428763307,2024,5
수원,16.352063776902035,8.500688027385227,2024,5
잠실,0.0,0.0,2024,5
창원,2.2109245551686847,0.4128157427580703,2024,5
고척,11.285022062538266,14.19249072597048,2024,6
광주,2.4323430100806034,0.6118600058565113,2024,6
대구,-0.6633702758515607,4.307402124643546,2024,6
대전구,4.851112006322575,4.507776997968237,2024,6
문학,-6.656913423508438,5.829192254280032,2024,6
사직,-2.0881214485293147,1.0918567470899623,2024,6
수원,15.779060510237162,9.391635245862929,2024,6
잠실,0.0,0.0,2024,6
창원,2.7678449018442155,1.8935151743951844,2024,6
고척,8.592642502246562,13.157265621468568,2024,7
광주,2.9477752958777557,3.2256839089044074,2024,7
대구,-0.3258668053293525,4.4016828778972314,2024,7
대전구,5.5436879639237855,5.270948585570422,2024,7
문학,-9.796788725156748,6.078354689147587,2024,7
수원,14.702585986614043,9.552106259783793,2024,7
잠실,0.0,0.0,2024,7
창원,3.1451966567242473,2.8519144266561383,2024,7
고척,6.805787667366361,12.860031853840576,2024,8
광주,3.886826553788064,4.020201137866245,2024,8
대구,1.2251888813859138,1.7466369823661179,2024,8
대전구,6.277560313878726,6.467674277732393,2024,8
문학,-11.505189427251306,7.293787670565208,2024,8
사직,-1.6240538025928841,1.2430510125932277,2024,8
수원,14.71889905601223,8.683593190577515,2024,8
잠실,0.0,0.0,2024,8
창원,3.3819045761188993,2.4403414850801792,2024,8
광주,4.15328195226871,5.460376571346101,2024,9
대구,-1.3387071155271042,2.12742727004491,2024,9
대전구,5.112627442752009,6.362487545362013,2024,9
문학,-11.413447677403632,10.159530477865133,2024,9
사직,-0.6781963901031243,1.6228322790853156,2024,9
수원,13.665696614726563,11.73756159172272,2024,9
잠실,0.0,0.0,2024,9
창원,3.0738418831517795,4.874189440830185,2024,9
고척,7.206042317050059,11.74197041675442,2025,3
광주,2.6607800508108386,2.369277425366454,2025,3
대구,-5.3160863252111135,1.078275497121297,2025,3
문학,-7.923366122985136,7.763640696925805,2025,3
사직,-1.5742560375333055,0.7397796433763921,2025,3
수원,9.831289057774336,11.273782958540476,2025,3
잠실,0.0,0.0,2025,3
창원,-6.895519412158869,2.8559311507996665,2025,3
고척,4.919663319218802,7.082652390585357,2025,4
광주,5.773613337594588,-0.13363362824352554,2025,4
대구,-4.519601374897887,-1.192322792566679,2025,4
대전신,2.1049946567430826,-2.1785283556123813,2025,4
문학,-10.985108267472238,3.7639309142296,2025,4
사직,-1.8795239133198862,-6.510078816097481,2025,4
수원,11.067086782913938,7.595768771041556,2025,4
잠실,0.0,0.0,2025,4
고척,5.429405730490203,9.846081255724052,2025,5
광주,1.2767169674341368,2.483831510856266,2025,5
대구,-5.225362032884212,0.09579172997271712,2025,5
대전신,0.5908874516951884,-0.5695321611956707,2025,5
문학,-15.298006459232951,3.8983999292998064,2025,5
사직,-1.3269355304590038,-7.01608365324778,2025,5
수원,18.73292402915551,4.048826214552797,2025,5
잠실,0.0,0.0,2025,5
고척,9.671849596108249,16.49454725196875,2025,6
광주,5.764342822673488,7.4165249454321565,2025,6
대구,0.9401471575698208,3.2814851107816505,2025,6
대전신,5.488204400683963,4.1692362085735315,2025,6
문학,-9.004507421929754,8.674104316093038,2025,6
사직,2.861505144008471,-5.739438005679831,2025,6
수원,20.948439982743558,13.174452679411617,2025,6
잠실,0.0,0.0,2025,6
창원,3.55853532440515,5.740863015923521,2025,6
고척,11.123612411564256,14.624197487462158,2025,7
광주,7.104068553025476,5.403731986976494,2025,7
대구,1.454832944337431,2.332032377127039,2025,7
대전신,7.075817810189644,1.7884242294255674,2025,7
문학,-5.003059563160967,7.873263341693581,2025,7
사직,6.427002403408162,-8.300260718640462,2025,7
수원,24.382981983582493,12.043254233186545,2025,7
잠실,0.0,0.0,2025,7
창원,5.555576646338973,2.517615408759598,2025,7
고척,9.408385747717967,11.684203827569064,2025,8
광주,4.683915572554955,2.342226201037815,2025,8
대구,0.5410887993180804,-0.3366523891422848,2025,8
대전신,5.8259318793020825,-0.774274701885322,2025,8
문학,-5.85657252803713,4.68073540334097,2025,8
사직,3.131771709361489,-10.728728794297702,2025,8
수원,23.449584288807202,8.057500790542958,2025,8
잠실,0.0,0.0,2025,8
창원,2.3001403646884246,1.4765105336376845,2025,8
고척,8.382866128679737,12.065142887406111,2025,9
광주,4.965843477638403,1.6020660272450618,2025,9
대구,1.4745333557912512,2.059103171528948,2025,9
대전신,6.9523222377717016,1.7564406063092879,2025,9
문학,-8.33811151664625,11.228301817437648,2025,9
사직,3.8353941494642125,-7.190460312362613,2025,9
수원,20.933980394885776,9.656332913916517,2025,9
잠실,0.0,0.0,2025,9
창원,1.0012733486510181,2.2108569843647006,2025,9
